<?xml version="1.0" standalone="yes"?>  <DATAPACKET Version="2.0"><METADATA><FIELDS><FIELD attrname="IDCashRegister" fieldtype="i4"/><FIELD attrname="Name" fieldtype="string" WIDTH="15"/><FIELD attrname="IsAssociated" fieldtype="boolean"/></FIELDS><PARAMS/></METADATA><ROWDATA><ROW IDCashRegister="2" Name="Server" IsAssociated="FALSE"/><ROW IDCashRegister="3" Name="Register1" IsAssociated="FALSE"/><ROW IDCashRegister="4" Name="Register2" IsAssociated="FALSE"/><ROW IDCashRegister="5" Name="Register3" IsAssociated="FALSE"/><ROW IDCashRegister="6" Name="Back Office 1" IsAssociated="FALSE"/></ROWDATA></DATAPACKET>