<?xml version="1.0" standalone="yes"?>  <DATAPACKET Version="2.0"><METADATA><FIELDS><FIELD attrname="IDCashRegLogReason" fieldtype="i4"/><FIELD attrname="Reason" fieldtype="string" WIDTH="30"/></FIELDS><PARAMS/></METADATA><ROWDATA><ROW IDCashRegLogReason="1" Reason="Administrative Expenses"/><ROW IDCashRegLogReason="2" Reason="Janitorial &amp; Clean-up"/><ROW IDCashRegLogReason="9" Reason="Kennel Expense"/><ROW IDCashRegLogReason="5" Reason="Meals &amp; Entertainment"/><ROW IDCashRegLogReason="3" Reason="Office Expense"/><ROW IDCashRegLogReason="12" Reason="Operating Supplies"/><ROW IDCashRegLogReason="6" Reason="Promotional Expense"/><ROW IDCashRegLogReason="7" Reason="Purchase from Customer"/><ROW IDCashRegLogReason="8" Reason="Repairs &amp; Maintenance"/><ROW IDCashRegLogReason="10" Reason="repairs and maint building"/><ROW IDCashRegLogReason="11" Reason="Repairs and Maintainence"/><ROW IDCashRegLogReason="4" Reason="Travel Expense"/></ROWDATA></DATAPACKET>