<?xml version="1.0" standalone="yes"?>  <DATAPACKET Version="2.0"><METADATA><FIELDS><FIELD attrname="StoreID" fieldtype="i4"/><FIELD attrname="ModelID" fieldtype="i4"/><FIELD attrname="Serial" fieldtype="string" WIDTH="30"/></FIELDS><PARAMS/></METADATA><ROWDATA><ROW StoreID="1" ModelID="4" Serial="1004"/><ROW StoreID="1" ModelID="4" Serial="1206"/><ROW StoreID="1" ModelID="4" Serial="1293"/><ROW StoreID="1" ModelID="4" Serial="1313"/><ROW StoreID="1" ModelID="6" Serial="1006"/><ROW StoreID="1" ModelID="6" Serial="1080"/><ROW StoreID="1" ModelID="6" Serial="1230"/><ROW StoreID="1" ModelID="6" Serial="1374"/><ROW StoreID="1" ModelID="8" Serial="1008"/><ROW StoreID="1" ModelID="8" Serial="1078"/><ROW StoreID="1" ModelID="8" Serial="1272"/><ROW StoreID="1" ModelID="8" Serial="1285"/><ROW StoreID="1" ModelID="8" Serial="1312"/><ROW StoreID="1" ModelID="8" Serial="1324"/><ROW StoreID="1" ModelID="10" Serial="1009"/><ROW StoreID="1" ModelID="10" Serial="1100"/><ROW StoreID="1" ModelID="12" Serial="1010"/><ROW StoreID="1" ModelID="14" Serial="1011"/><ROW StoreID="1" ModelID="14" Serial="1051"/><ROW StoreID="1" ModelID="14" Serial="1158"/><ROW StoreID="1" ModelID="14" Serial="1180"/><ROW StoreID="1" ModelID="14" Serial="1348"/><ROW StoreID="1" ModelID="16" Serial="1012"/><ROW StoreID="1" ModelID="16" Serial="1026"/><ROW StoreID="1" ModelID="16" Serial="1027"/><ROW StoreID="1" ModelID="16" Serial="1036"/><ROW StoreID="1" ModelID="16" Serial="1041"/><ROW StoreID="1" ModelID="16" Serial="1052"/><ROW StoreID="1" ModelID="18" Serial="1013"/><ROW StoreID="1" ModelID="18" Serial="1145"/><ROW StoreID="1" ModelID="20" Serial="1014"/><ROW StoreID="1" ModelID="20" Serial="1035"/><ROW StoreID="1" ModelID="22" Serial="1015"/><ROW StoreID="1" ModelID="22" Serial="1139"/><ROW StoreID="1" ModelID="22" Serial="1189"/><ROW StoreID="1" ModelID="22" Serial="1261"/><ROW StoreID="1" ModelID="22" Serial="1322"/><ROW StoreID="1" ModelID="24" Serial="1016"/><ROW StoreID="1" ModelID="24" Serial="1138"/><ROW StoreID="1" ModelID="24" Serial="1214"/><ROW StoreID="1" ModelID="26" Serial="1017"/><ROW StoreID="1" ModelID="26" Serial="1182"/><ROW StoreID="1" ModelID="28" Serial="1018"/><ROW StoreID="1" ModelID="30" Serial="1020"/><ROW StoreID="1" ModelID="30" Serial="1103"/><ROW StoreID="1" ModelID="30" Serial="1109"/><ROW StoreID="1" ModelID="30" Serial="1212"/><ROW StoreID="1" ModelID="30" Serial="1232"/><ROW StoreID="1" ModelID="30" Serial="1265"/><ROW StoreID="1" ModelID="30" Serial="1284"/><ROW StoreID="1" ModelID="30" Serial="1331"/><ROW StoreID="1" ModelID="32" Serial="1025"/><ROW StoreID="1" ModelID="32" Serial="1135"/><ROW StoreID="1" ModelID="32" Serial="1231"/><ROW StoreID="1" ModelID="32" Serial="1260"/><ROW StoreID="1" ModelID="32" Serial="1363"/><ROW StoreID="1" ModelID="34" Serial="1028"/><ROW StoreID="1" ModelID="34" Serial="1107"/><ROW StoreID="1" ModelID="36" Serial="1029"/><ROW StoreID="1" ModelID="36" Serial="1154"/><ROW StoreID="1" ModelID="36" Serial="1216"/><ROW StoreID="1" ModelID="36" Serial="1257"/><ROW StoreID="1" ModelID="38" Serial="1030"/><ROW StoreID="1" ModelID="38" Serial="1077"/><ROW StoreID="1" ModelID="38" Serial="1167"/><ROW StoreID="1" ModelID="38" Serial="1168"/><ROW StoreID="1" ModelID="38" Serial="1271"/><ROW StoreID="1" ModelID="38" Serial="1355"/><ROW StoreID="1" ModelID="40" Serial="1031"/><ROW StoreID="1" ModelID="40" Serial="1039"/><ROW StoreID="1" ModelID="40" Serial="1121"/><ROW StoreID="1" ModelID="40" Serial="1133"/><ROW StoreID="1" ModelID="40" Serial="1176"/><ROW StoreID="1" ModelID="40" Serial="1269"/><ROW StoreID="1" ModelID="40" Serial="1298"/><ROW StoreID="1" ModelID="40" Serial="1335"/><ROW StoreID="1" ModelID="40" Serial="1339"/><ROW StoreID="1" ModelID="40" Serial="1364"/><ROW StoreID="1" ModelID="42" Serial="1032"/><ROW StoreID="1" ModelID="42" Serial="1236"/><ROW StoreID="1" ModelID="44" Serial="1034"/><ROW StoreID="1" ModelID="44" Serial="1170"/><ROW StoreID="1" ModelID="44" Serial="1227"/><ROW StoreID="1" ModelID="44" Serial="1307"/><ROW StoreID="1" ModelID="46" Serial="1037"/><ROW StoreID="1" ModelID="1244" Serial="1040"/><ROW StoreID="1" ModelID="1244" Serial="1130"/><ROW StoreID="1" ModelID="1244" Serial="1283"/><ROW StoreID="1" ModelID="1286" Serial="1042"/><ROW StoreID="1" ModelID="1286" Serial="1289"/><ROW StoreID="1" ModelID="1286" Serial="1311"/><ROW StoreID="1" ModelID="1286" Serial="1378"/><ROW StoreID="1" ModelID="1288" Serial="1043"/><ROW StoreID="1" ModelID="1288" Serial="1124"/><ROW StoreID="1" ModelID="1288" Serial="1204"/><ROW StoreID="1" ModelID="1288" Serial="1338"/><ROW StoreID="1" ModelID="1290" Serial="1044"/><ROW StoreID="1" ModelID="1290" Serial="1292"/><ROW StoreID="1" ModelID="1290" Serial="1332"/><ROW StoreID="1" ModelID="2417" Serial="1045"/><ROW StoreID="1" ModelID="2417" Serial="1097"/><ROW StoreID="1" ModelID="2417" Serial="1220"/><ROW StoreID="1" ModelID="2417" Serial="1264"/><ROW StoreID="1" ModelID="3834" Serial="1048"/><ROW StoreID="1" ModelID="3834" Serial="1253"/><ROW StoreID="1" ModelID="3834" Serial="1351"/><ROW StoreID="1" ModelID="3834" Serial="1377"/><ROW StoreID="1" ModelID="3836" Serial="1049"/><ROW StoreID="1" ModelID="3836" Serial="1184"/><ROW StoreID="1" ModelID="3836" Serial="1254"/><ROW StoreID="1" ModelID="3836" Serial="1270"/><ROW StoreID="1" ModelID="3836" Serial="1370"/><ROW StoreID="1" ModelID="3841" Serial="1050"/><ROW StoreID="1" ModelID="3848" Serial="1053"/><ROW StoreID="1" ModelID="3848" Serial="1054"/><ROW StoreID="1" ModelID="3848" Serial="1108"/><ROW StoreID="1" ModelID="3848" Serial="1137"/><ROW StoreID="1" ModelID="3848" Serial="1147"/><ROW StoreID="1" ModelID="3848" Serial="1192"/><ROW StoreID="1" ModelID="3848" Serial="1233"/><ROW StoreID="1" ModelID="3848" Serial="1234"/><ROW StoreID="1" ModelID="3848" Serial="1267"/><ROW StoreID="1" ModelID="3848" Serial="1376"/><ROW StoreID="1" ModelID="3851" Serial="1055"/><ROW StoreID="1" ModelID="3851" Serial="1166"/><ROW StoreID="1" ModelID="3853" Serial="1056"/><ROW StoreID="1" ModelID="3853" Serial="1112"/><ROW StoreID="1" ModelID="3853" Serial="1163"/><ROW StoreID="1" ModelID="3853" Serial="1178"/><ROW StoreID="1" ModelID="3853" Serial="1315"/><ROW StoreID="1" ModelID="3855" Serial="1057"/><ROW StoreID="1" ModelID="3855" Serial="1113"/><ROW StoreID="1" ModelID="3855" Serial="1164"/><ROW StoreID="1" ModelID="3855" Serial="1316"/><ROW StoreID="1" ModelID="3970" Serial="1062"/><ROW StoreID="1" ModelID="3970" Serial="1084"/><ROW StoreID="1" ModelID="3978" Serial="1063"/><ROW StoreID="1" ModelID="3978" Serial="1083"/><ROW StoreID="1" ModelID="3978" Serial="1181"/><ROW StoreID="1" ModelID="3978" Serial="1288"/><ROW StoreID="1" ModelID="3978" Serial="1347"/><ROW StoreID="1" ModelID="3987" Serial="1064"/><ROW StoreID="1" ModelID="3987" Serial="1081"/><ROW StoreID="1" ModelID="3987" Serial="1369"/><ROW StoreID="1" ModelID="3992" Serial="1065"/><ROW StoreID="1" ModelID="3998" Serial="1066"/><ROW StoreID="1" ModelID="3998" Serial="1085"/><ROW StoreID="1" ModelID="4004" Serial="1067"/><ROW StoreID="1" ModelID="4004" Serial="1082"/><ROW StoreID="1" ModelID="4004" Serial="1229"/><ROW StoreID="1" ModelID="4004" Serial="1367"/><ROW StoreID="1" ModelID="4010" Serial="1068"/><ROW StoreID="1" ModelID="4010" Serial="1087"/><ROW StoreID="1" ModelID="4014" Serial="1069"/><ROW StoreID="1" ModelID="4014" Serial="1086"/><ROW StoreID="1" ModelID="4014" Serial="1173"/><ROW StoreID="1" ModelID="4014" Serial="1174"/><ROW StoreID="1" ModelID="4059" Serial="1072"/><ROW StoreID="1" ModelID="4059" Serial="1146"/><ROW StoreID="1" ModelID="4063" Serial="1073"/><ROW StoreID="1" ModelID="4063" Serial="1329"/><ROW StoreID="1" ModelID="4065" Serial="1074"/><ROW StoreID="1" ModelID="4067" Serial="1075"/><ROW StoreID="1" ModelID="4070" Serial="1076"/><ROW StoreID="1" ModelID="4070" Serial="1207"/><ROW StoreID="1" ModelID="4122" Serial="1079"/><ROW StoreID="1" ModelID="4196" Serial="1088"/><ROW StoreID="1" ModelID="4196" Serial="1203"/><ROW StoreID="1" ModelID="4196" Serial="1262"/><ROW StoreID="1" ModelID="4196" Serial="1290"/><ROW StoreID="1" ModelID="4198" Serial="1092"/><ROW StoreID="1" ModelID="4315" Serial="1094"/><ROW StoreID="1" ModelID="4317" Serial="1095"/><ROW StoreID="1" ModelID="4317" Serial="1185"/><ROW StoreID="1" ModelID="4317" Serial="1274"/><ROW StoreID="1" ModelID="4319" Serial="1096"/><ROW StoreID="1" ModelID="4335" Serial="1098"/><ROW StoreID="1" ModelID="4335" Serial="1208"/><ROW StoreID="1" ModelID="4335" Serial="1263"/><ROW StoreID="1" ModelID="4335" Serial="1299"/><ROW StoreID="1" ModelID="4337" Serial="1101"/><ROW StoreID="1" ModelID="4339" Serial="1102"/><ROW StoreID="1" ModelID="4339" Serial="1115"/><ROW StoreID="1" ModelID="4339" Serial="1165"/><ROW StoreID="1" ModelID="4341" Serial="1106"/><ROW StoreID="1" ModelID="4485" Serial="1111"/><ROW StoreID="1" ModelID="4485" Serial="1373"/><ROW StoreID="1" ModelID="4494" Serial="1114"/><ROW StoreID="1" ModelID="4496" Serial="1116"/><ROW StoreID="1" ModelID="4496" Serial="1371"/><ROW StoreID="1" ModelID="4602" Serial="1117"/><ROW StoreID="1" ModelID="4602" Serial="1358"/><ROW StoreID="1" ModelID="4604" Serial="1119"/><ROW StoreID="1" ModelID="4606" Serial="1120"/><ROW StoreID="1" ModelID="4673" Serial="1122"/><ROW StoreID="1" ModelID="4673" Serial="1255"/><ROW StoreID="1" ModelID="4673" Serial="1273"/><ROW StoreID="1" ModelID="4675" Serial="1123"/><ROW StoreID="1" ModelID="4677" Serial="1127"/><ROW StoreID="1" ModelID="4677" Serial="1245"/><ROW StoreID="1" ModelID="4677" Serial="1246"/><ROW StoreID="1" ModelID="4677" Serial="1325"/><ROW StoreID="1" ModelID="4677" Serial="1327"/><ROW StoreID="1" ModelID="4677" Serial="1328"/><ROW StoreID="1" ModelID="4677" Serial="1356"/><ROW StoreID="1" ModelID="4679" Serial="1128"/><ROW StoreID="1" ModelID="4679" Serial="1129"/><ROW StoreID="1" ModelID="4679" Serial="1243"/><ROW StoreID="1" ModelID="4679" Serial="1244"/><ROW StoreID="1" ModelID="4679" Serial="1247"/><ROW StoreID="1" ModelID="4679" Serial="1340"/><ROW StoreID="1" ModelID="4701" Serial="1131"/><ROW StoreID="1" ModelID="4701" Serial="1251"/><ROW StoreID="1" ModelID="4703" Serial="1132"/><ROW StoreID="1" ModelID="4703" Serial="1213"/><ROW StoreID="1" ModelID="4703" Serial="1342"/><ROW StoreID="1" ModelID="4705" Serial="1134"/><ROW StoreID="1" ModelID="4707" Serial="1136"/><ROW StoreID="1" ModelID="4707" Serial="1148"/><ROW StoreID="1" ModelID="4762" Serial="1140"/><ROW StoreID="1" ModelID="4764" Serial="1141"/><ROW StoreID="1" ModelID="4764" Serial="1223"/><ROW StoreID="1" ModelID="4808" Serial="1142"/><ROW StoreID="1" ModelID="4897" Serial="1144"/><ROW StoreID="1" ModelID="4897" Serial="1354"/><ROW StoreID="1" ModelID="4899" Serial="1149"/><ROW StoreID="1" ModelID="4899" Serial="1187"/><ROW StoreID="1" ModelID="4899" Serial="1256"/><ROW StoreID="1" ModelID="4901" Serial="1150"/><ROW StoreID="1" ModelID="4901" Serial="1259"/><ROW StoreID="1" ModelID="4903" Serial="1151"/><ROW StoreID="1" ModelID="4903" Serial="1330"/><ROW StoreID="1" ModelID="4990" Serial="1152"/><ROW StoreID="1" ModelID="4990" Serial="1360"/><ROW StoreID="1" ModelID="4992" Serial="1153"/><ROW StoreID="1" ModelID="4992" Serial="1321"/><ROW StoreID="1" ModelID="4994" Serial="1155"/><ROW StoreID="1" ModelID="4994" Serial="1161"/><ROW StoreID="1" ModelID="4996" Serial="1157"/><ROW StoreID="1" ModelID="4998" Serial="1160"/><ROW StoreID="1" ModelID="4998" Serial="1190"/><ROW StoreID="1" ModelID="4998" Serial="1368"/><ROW StoreID="1" ModelID="5050" Serial="1162"/><ROW StoreID="1" ModelID="5125" Serial="1169"/><ROW StoreID="1" ModelID="5125" Serial="1296"/><ROW StoreID="1" ModelID="5128" Serial="1175"/><ROW StoreID="1" ModelID="5202" Serial="1183"/><ROW StoreID="1" ModelID="5239" Serial="1191"/><ROW StoreID="1" ModelID="5239" Serial="1334"/><ROW StoreID="1" ModelID="5239" Serial="1359"/><ROW StoreID="1" ModelID="5241" Serial="1193"/><ROW StoreID="1" ModelID="5243" Serial="1194"/><ROW StoreID="1" ModelID="5243" Serial="1280"/><ROW StoreID="1" ModelID="5245" Serial="1196"/><ROW StoreID="1" ModelID="5247" Serial="1197"/><ROW StoreID="1" ModelID="5299" Serial="1199"/><ROW StoreID="1" ModelID="5301" Serial="1200"/><ROW StoreID="1" ModelID="5303" Serial="1201"/><ROW StoreID="1" ModelID="5303" Serial="1344"/><ROW StoreID="1" ModelID="5305" Serial="1202"/><ROW StoreID="1" ModelID="5328" Serial="1205"/><ROW StoreID="1" ModelID="5328" Serial="1221"/><ROW StoreID="1" ModelID="5328" Serial="1306"/><ROW StoreID="1" ModelID="5348" Serial="1210"/><ROW StoreID="1" ModelID="5350" Serial="1211"/><ROW StoreID="1" ModelID="5437" Serial="1217"/><ROW StoreID="1" ModelID="5437" Serial="1318"/><ROW StoreID="1" ModelID="5439" Serial="1218"/><ROW StoreID="1" ModelID="5449" Serial="1222"/><ROW StoreID="1" ModelID="5476" Serial="1224"/><ROW StoreID="1" ModelID="5476" Serial="1237"/><ROW StoreID="1" ModelID="5478" Serial="1225"/><ROW StoreID="1" ModelID="5480" Serial="1226"/><ROW StoreID="1" ModelID="5482" Serial="1228"/><ROW StoreID="1" ModelID="5568" Serial="1235"/><ROW StoreID="1" ModelID="5570" Serial="1238"/><ROW StoreID="1" ModelID="5572" Serial="1239"/><ROW StoreID="1" ModelID="5574" Serial="1240"/><ROW StoreID="1" ModelID="5666" Serial="1248"/><ROW StoreID="1" ModelID="5668" Serial="1250"/><ROW StoreID="1" ModelID="5687" Serial="1258"/><ROW StoreID="1" ModelID="5760" Serial="1268"/><ROW StoreID="1" ModelID="5764" Serial="1275"/><ROW StoreID="1" ModelID="5814" Serial="1278"/><ROW StoreID="1" ModelID="5816" Serial="1279"/><ROW StoreID="1" ModelID="5816" Serial="1372"/><ROW StoreID="1" ModelID="5858" Serial="1282"/><ROW StoreID="1" ModelID="5894" Serial="1287"/><ROW StoreID="1" ModelID="5963" Serial="1297"/><ROW StoreID="1" ModelID="5981" Serial="1304"/><ROW StoreID="1" ModelID="5983" Serial="1305"/><ROW StoreID="1" ModelID="6034" Serial="1314"/><ROW StoreID="1" ModelID="6036" Serial="1317"/><ROW StoreID="1" ModelID="6199" Serial="1336"/><ROW StoreID="1" ModelID="6201" Serial="1337"/><ROW StoreID="1" ModelID="6233" Serial="1346"/><ROW StoreID="1" ModelID="6235" Serial="1349"/><ROW StoreID="1" ModelID="6247" Serial="1352"/><ROW StoreID="1" ModelID="6278" Serial="1357"/><ROW StoreID="1" ModelID="6299" Serial="1361"/><ROW StoreID="1" ModelID="6317" Serial="1366"/></ROWDATA></DATAPACKET>