<?xml version="1.0" standalone="yes"?>  <DATAPACKET Version="2.0"><METADATA><FIELDS><FIELD attrname="IDStore" fieldtype="i4"/><FIELD attrname="IDModel" fieldtype="i4"/><FIELD attrname="IDDescriptionPrice" fieldtype="i4"/><FIELD attrname="IDVendor" fieldtype="i4"/><FIELD attrname="SuggPrice" fieldtype="fixed" DECIMALS="4" WIDTH="19"/><FIELD attrname="SalePrice" fieldtype="fixed" DECIMALS="4" WIDTH="19"/><FIELD attrname="DescriptionPrice" fieldtype="string" WIDTH="20"/><FIELD attrname="Vendor" fieldtype="string" WIDTH="50"/></FIELDS><PARAMS/></METADATA><ROWDATA></ROWDATA></DATAPACKET>