<?xml version="1.0" standalone="yes"?>  <DATAPACKET Version="2.0"><METADATA><FIELDS><FIELD attrname="IDModel" fieldtype="i4"/><FIELD attrname="SellingPrice" fieldtype="fixed" DECIMALS="4" WIDTH="19"/><FIELD attrname="Qty" fieldtype="fixed" DECIMALS="4" WIDTH="32"/></FIELDS><PARAMS/></METADATA><ROWDATA><ROW IDModel="3583" SellingPrice="1.4900" Qty="3.0000"/><ROW IDModel="4012" SellingPrice="2.4900" Qty="3.0000"/><ROW IDModel="4020" SellingPrice="1.4900" Qty="3.0000"/><ROW IDModel="4026" SellingPrice="2.4900" Qty="3.0000"/><ROW IDModel="4039" SellingPrice="3.9900" Qty="3.0000"/></ROWDATA></DATAPACKET>