<?xml version="1.0" standalone="yes"?>  <DATAPACKET Version="2.0"><METADATA><FIELDS><FIELD attrname="IDMedia" fieldtype="i4"/><FIELD attrname="Media" fieldtype="string" WIDTH="255"/></FIELDS><PARAMS/></METADATA><ROWDATA><ROW IDMedia="5" Media="Brochure"/><ROW IDMedia="10" Media="Employee"/><ROW IDMedia="20" Media="Express Sale"/><ROW IDMedia="16" Media="Internet"/><ROW IDMedia="1" Media="Outside Agency"/><ROW IDMedia="9" Media="Previous Customer"/><ROW IDMedia="11" Media="Resale Customer"/><ROW IDMedia="3" Media="Sign"/><ROW IDMedia="7" Media="Walk In"/><ROW IDMedia="6" Media="Word of mouth"/></ROWDATA></DATAPACKET>