<?xml version="1.0" standalone="yes"?>  <DATAPACKET Version="2.0"><METADATA><FIELDS><FIELD attrname="IDMeioPag" fieldtype="i4"/><FIELD attrname="DifDay" fieldtype="i4"/><FIELD attrname="TotalSale" fieldtype="fixed" DECIMALS="4" WIDTH="19"/></FIELDS><PARAMS/></METADATA><ROWDATA><ROW IDMeioPag="-1" DifDay="0" TotalSale="0.0000"/><ROW IDMeioPag="1" DifDay="0" TotalSale="0.0000"/><ROW IDMeioPag="2" DifDay="0" TotalSale="0.0000"/><ROW IDMeioPag="3" DifDay="0" TotalSale="0.0000"/><ROW IDMeioPag="4" DifDay="0" TotalSale="0.0000"/><ROW IDMeioPag="5" DifDay="0" TotalSale="0.0000"/><ROW IDMeioPag="6" DifDay="0" TotalSale="0.0000"/><ROW IDMeioPag="11" DifDay="0" TotalSale="0.0000"/><ROW IDMeioPag="12" DifDay="0" TotalSale="0.0000"/><ROW IDMeioPag="18" DifDay="0" TotalSale="0.0000"/><ROW IDMeioPag="19" DifDay="0" TotalSale="0.0000"/><ROW IDMeioPag="20" DifDay="0" TotalSale="0.0000"/><ROW IDMeioPag="21" DifDay="0" TotalSale="0.0000"/><ROW IDMeioPag="22" DifDay="0" TotalSale="0.0000"/><ROW IDMeioPag="23" DifDay="0" TotalSale="0.0000"/><ROW IDMeioPag="24" DifDay="0" TotalSale="0.0000"/><ROW IDMeioPag="25" DifDay="0" TotalSale="0.0000"/><ROW IDMeioPag="26" DifDay="0" TotalSale="0.0000"/><ROW IDMeioPag="27" DifDay="0" TotalSale="0.0000"/><ROW IDMeioPag="28" DifDay="0" TotalSale="0.0000"/><ROW IDMeioPag="29" DifDay="0" TotalSale="0.0000"/><ROW IDMeioPag="30" DifDay="0" TotalSale="0.0000"/><ROW IDMeioPag="31" DifDay="0" TotalSale="0.0000"/></ROWDATA></DATAPACKET>