<?xml version="1.0" standalone="yes"?>  <DATAPACKET Version="2.0"><METADATA><FIELDS><FIELD attrname="IDMeioPag" fieldtype="i4"/><FIELD attrname="MeioPag" fieldtype="string" WIDTH="50"/><FIELD attrname="ImageIndex" fieldtype="i4"/><FIELD attrname="Tipo" fieldtype="i4"/><FIELD attrname="RequireCustomer" fieldtype="boolean"/><FIELD attrname="ValidateNonpayer" fieldtype="boolean"/></FIELDS><PARAMS/></METADATA><ROWDATA><ROW IDMeioPag="1" MeioPag="Cash" ImageIndex="1" Tipo="1" RequireCustomer="FALSE" ValidateNonpayer="FALSE"/><ROW IDMeioPag="2" MeioPag="Visa" ImageIndex="2" Tipo="2" RequireCustomer="FALSE" ValidateNonpayer="FALSE"/><ROW IDMeioPag="3" MeioPag="American Express Card" ImageIndex="3" Tipo="2" RequireCustomer="FALSE" ValidateNonpayer="FALSE"/><ROW IDMeioPag="4" MeioPag="MasterCard" ImageIndex="4" Tipo="2" RequireCustomer="FALSE" ValidateNonpayer="FALSE"/><ROW IDMeioPag="5" MeioPag="Check" ImageIndex="6" Tipo="4" RequireCustomer="FALSE" ValidateNonpayer="FALSE"/><ROW IDMeioPag="6" MeioPag="Diners" ImageIndex="7" Tipo="2" RequireCustomer="FALSE" ValidateNonpayer="FALSE"/><ROW IDMeioPag="11" MeioPag="Gift Certificate" ImageIndex="0" Tipo="3" RequireCustomer="FALSE" ValidateNonpayer="FALSE"/><ROW IDMeioPag="12" MeioPag="Manual Balance Adjustment" ImageIndex="0" Tipo="3" RequireCustomer="FALSE" ValidateNonpayer="FALSE"/><ROW IDMeioPag="19" MeioPag="Bonus Bucks" ImageIndex="0" Tipo="8" RequireCustomer="FALSE" ValidateNonpayer="FALSE"/><ROW IDMeioPag="21" MeioPag="Debit" ImageIndex="0" Tipo="7" RequireCustomer="FALSE" ValidateNonpayer="FALSE"/><ROW IDMeioPag="23" MeioPag="Discover Card" ImageIndex="5" Tipo="2" RequireCustomer="FALSE" ValidateNonpayer="FALSE"/><ROW IDMeioPag="25" MeioPag="Finance" ImageIndex="0" Tipo="3" RequireCustomer="FALSE" ValidateNonpayer="FALSE"/><ROW IDMeioPag="27" MeioPag="Gift Card" ImageIndex="0" Tipo="6" RequireCustomer="FALSE" ValidateNonpayer="FALSE"/><ROW IDMeioPag="29" MeioPag="Store Account" ImageIndex="0" Tipo="9" RequireCustomer="FALSE" ValidateNonpayer="FALSE"/><ROW IDMeioPag="31" MeioPag="Store Credit" ImageIndex="0" Tipo="5" RequireCustomer="FALSE" ValidateNonpayer="FALSE"/></ROWDATA></DATAPACKET>