<?xml version="1.0" standalone="yes"?>  <DATAPACKET Version="2.0"><METADATA><FIELDS><FIELD attrname="IDInvAccessory" fieldtype="i4"/><FIELD attrname="IDModel" fieldtype="i4"/><FIELD attrname="SellingPrice" fieldtype="fixed" readonly="true" DECIMALS="4" WIDTH="19"/><FIELD attrname="Model" fieldtype="string" WIDTH="30"/><FIELD attrname="Description" fieldtype="string" WIDTH="50"/><FIELD attrname="Hint" fieldtype="string" WIDTH="255"/><FIELD attrname="LargeImage" fieldtype="string" WIDTH="255"/><FIELD attrname="PromotionPrice" fieldtype="fixed" DECIMALS="4" WIDTH="19"/><FIELD attrname="DiscountPerc" fieldtype="r8"/></FIELDS><PARAMS/></METADATA><ROWDATA><ROW IDInvAccessory="743" IDModel="3436" SellingPrice="9.4900" Model="REP00100a" Description="Calcium with Vitamin D3 (Phosphorous Free) 5.2oz" Hint="" LargeImage="C:&#092;Pinogy&#092;mr_images&#092;REP/REP00100a.jpg"/><ROW IDInvAccessory="743" IDModel="3437" SellingPrice="9.4900" Model="REP00100a" Description="Calcium with Vitamin D3 (Phosphorous Free) 5.2oz" Hint="" LargeImage="C:&#092;Pinogy&#092;mr_images&#092;REP/REP00100a.jpg"/><ROW IDInvAccessory="744" IDModel="3436" SellingPrice="9.9900" Model="REP00200" Description="Calcium with Vitamin D3 (Phosphorous Free)-Ultrafi" Hint="" LargeImage="C:&#092;Pinogy&#092;mr_images&#092;REP/REP00200.jpg"/><ROW IDInvAccessory="745" IDModel="3436" SellingPrice="9.7900" Model="REP00220" Description="Calcium (No Phosphorous, No Vitamin D3) 4.1oz" Hint="" LargeImage="C:&#092;Pinogy&#092;mr_images&#092;REP/REP00220.jpg"/><ROW IDInvAccessory="745" IDModel="3437" SellingPrice="9.7900" Model="REP00220" Description="Calcium (No Phosphorous, No Vitamin D3) 4.1oz" Hint="" LargeImage="C:&#092;Pinogy&#092;mr_images&#092;REP/REP00220.jpg"/><ROW IDInvAccessory="3429" IDModel="3436" SellingPrice="6.7900" Model="FLR70007" Description="High Calorie Cricket Food 13Oz" Hint="" LargeImage="C:&#092;Pinogy&#092;mr_images&#092;FLR/FLR70007.jpg"/><ROW IDInvAccessory="3429" IDModel="3437" SellingPrice="6.7900" Model="FLR70007" Description="High Calorie Cricket Food 13Oz" Hint="" LargeImage="C:&#092;Pinogy&#092;mr_images&#092;FLR/FLR70007.jpg"/><ROW IDInvAccessory="3430" IDModel="3436" SellingPrice="10.9900" Model="FLR71301" Description="Cricket Orange Cube 12oz" Hint="" LargeImage="C:&#092;Pinogy&#092;mr_images&#092;FLR/FLR71301.jpg"/><ROW IDInvAccessory="3430" IDModel="3437" SellingPrice="10.9900" Model="FLR71301" Description="Cricket Orange Cube 12oz" Hint="" LargeImage="C:&#092;Pinogy&#092;mr_images&#092;FLR/FLR71301.jpg"/><ROW IDInvAccessory="3431" IDModel="3436" SellingPrice="4.9900" Model="FLR71201" Description="Cricket Quench Calcium 16oz" Hint="" LargeImage="C:&#092;Pinogy&#092;mr_images&#092;FLR/FLR71201.jpg"/><ROW IDInvAccessory="3431" IDModel="3437" SellingPrice="4.9900" Model="FLR71201" Description="Cricket Quench Calcium 16oz" Hint="" LargeImage="C:&#092;Pinogy&#092;mr_images&#092;FLR/FLR71201.jpg"/><ROW IDInvAccessory="3432" IDModel="3436" SellingPrice="7.4900" Model="FLR71200" Description="Cricket Quencher 16oz" Hint="" LargeImage="C:&#092;Pinogy&#092;mr_images&#092;FLR/FLR71200.jpg"/><ROW IDInvAccessory="3432" IDModel="3437" SellingPrice="7.4900" Model="FLR71200" Description="Cricket Quencher 16oz" Hint="" LargeImage="C:&#092;Pinogy&#092;mr_images&#092;FLR/FLR71200.jpg"/><ROW IDInvAccessory="4087" IDModel="3436" SellingPrice="13.9900" Model="LEE20080" Description="Kricket Keeper" Hint="" LargeImage="C:&#092;Pinogy&#092;mr_images&#092;LEE/LEE20080.jpg"/><ROW IDInvAccessory="4087" IDModel="3437" SellingPrice="13.9900" Model="LEE20080" Description="Kricket Keeper" Hint="" LargeImage="C:&#092;Pinogy&#092;mr_images&#092;LEE/LEE20080.jpg"/></ROWDATA></DATAPACKET>