<?xml version="1.0" standalone="yes"?>  <DATAPACKET Version="2.0"><METADATA><FIELDS><FIELD attrname="IDParam" fieldtype="i4"/><FIELD attrname="SrvParameter" fieldtype="string" WIDTH="40"/><FIELD attrname="SrvValue" fieldtype="string" WIDTH="30"/><FIELD attrname="SrvType" fieldtype="string" SUBTYPE="FixedChar" WIDTH="10"/><FIELD attrname="Description" fieldtype="string" WIDTH="200"/><FIELD attrname="DefaultValue" fieldtype="string" WIDTH="30"/></FIELDS><PARAMS/></METADATA><ROWDATA><ROW IDParam="2" SrvParameter="SaleOnNegative" SrvValue="True" SrvType="Boolean   " Description="A product can be sold with quantity negative on Stock." DefaultValue="False"/><ROW IDParam="3" SrvParameter="Fast Sale" SrvValue="False" SrvType="Boolean   " Description="Items are automatic added to Invoice with Qty = 1." DefaultValue="False"/><ROW IDParam="4" SrvParameter="Refresh Sale Items on Insert" SrvValue="True" SrvType="Boolean   " Description="Items inserted in the Invoice automaticly appeared." DefaultValue="True"/><ROW IDParam="5" SrvParameter="Refresh Items Interval" SrvValue="10000" SrvType="Integer   " Description="Refresh Interval for Items inserted in the Invoice" DefaultValue="10000"/><ROW IDParam="6" SrvParameter="Refresh Browse on Insert" SrvValue="True" SrvType="Boolean   " Description="Items inserted in Browses automaticly refreshed" DefaultValue="True"/><ROW IDParam="7" SrvParameter="Max Rows" SrvValue="10000" SrvType="Integer   " Description="Max Rows that can be seen at a time" DefaultValue="10000"/><ROW IDParam="8" SrvParameter="Modify Cost Price in Purchase" SrvValue="True" SrvType="Boolean   " Description="Purchase of Specific Model will modify Cost Price by Weight or by Price" DefaultValue="False"/><ROW IDParam="9" SrvParameter="Money that should stay in cash" SrvValue="125" SrvType="Float     " Description="Money that should stay in cash Register after close" DefaultValue="500"/><ROW IDParam="11" SrvParameter="Maximun Cash in Cash Register" SrvValue="2000" SrvType="Float     " Description="Maximun Cash in Cash register" DefaultValue="2000"/><ROW IDParam="12" SrvParameter="Enable Random numbers in Close" SrvValue="False" SrvType="Boolean   " Description="Enable Random numbers in Close Cash Register" DefaultValue="False"/><ROW IDParam="13" SrvParameter="Computer Request - Maximun Qua" SrvValue="1" SrvType="Integer   " Description="Computer Request - Maximun Quantity for the sugestion" DefaultValue="1"/><ROW IDParam="14" SrvParameter="Computer Request - Minimun Sal" SrvValue="70" SrvType="Integer   " Description="Computer Request - Minimun Sales X Purchases %" DefaultValue="70"/><ROW IDParam="15" SrvParameter="Include QtyOnPrePurchase in ne" SrvValue="True" SrvType="Boolean   " Description="Include QtyOnPrePurchase in tests of negative Inventory, like QtyOnHand+QtyOnPrePurchase" DefaultValue="True"/><ROW IDParam="17" SrvParameter="Inventory Delete Old Items" SrvValue="12" SrvType="Integer   " Description="Deleting Time for unused Inventory Items (in Months). Set to 0 (Zero) for NO automatic remotion." DefaultValue="12"/><ROW IDParam="18" SrvParameter="Delete Holds (in days)" SrvValue="1" SrvType="Integer   " Description="Deleting Time for Sales on Holds (in days). Set to 0 (Zero) for NO automatic delete." DefaultValue="15"/><ROW IDParam="25" SrvParameter="System Request - Months" SrvValue="1" SrvType="Integer   " Description="Define time for system request" DefaultValue="1"/><ROW IDParam="27" SrvParameter="Disable password Timer (minutes)" SrvValue="2" SrvType="Integer   " Description="Disable the permanent password in x minutes" DefaultValue="5"/><ROW IDParam="28" SrvParameter="OP - {A} Service Level" SrvValue="2.06" SrvType="Float     " Description="The service level for models marked with A on ABC" DefaultValue="2.06"/><ROW IDParam="29" SrvParameter="OP - {B} Service Level" SrvValue="1.3" SrvType="Float     " Description="The service level for models marked with B on ABC" DefaultValue="1.3"/><ROW IDParam="30" SrvParameter="OP - {C} Service Level" SrvValue="0.84" SrvType="Float     " Description="The service level for models marked with C on ABC" DefaultValue="0.84"/><ROW IDParam="31" SrvParameter="Anyone can manage opened cash registers" SrvValue="True" SrvType="Boolean   " Description=" If false only the user that opened the cash register, can manage it" DefaultValue="True"/><ROW IDParam="32" SrvParameter="Show Tab Fast Sale" SrvValue="False" SrvType="Boolean   " Description="Show the Tab No Register Custumer on Point of Sale Hold" DefaultValue="False"/><ROW IDParam="33" SrvParameter="Show Tab Register Custumer" SrvValue="True" SrvType="Boolean   " Description="Show the Tab Register Custumer on Point of Sale - Hold" DefaultValue="True"/><ROW IDParam="34" SrvParameter="Show Tab Tour Group" SrvValue="False" SrvType="Boolean   " Description="Show the Tab Tour Group on Point of Sale - Hold" DefaultValue="False"/><ROW IDParam="35" SrvParameter="Commission Bonus" SrvValue="30" SrvType="Integer   " Description="Commision Bonus %" DefaultValue="30"/><ROW IDParam="36" SrvParameter="Show Name in Fast Sale" SrvValue="True" SrvType="Boolean   " Description="Show Name in No Register Custumer " DefaultValue="True"/><ROW IDParam="37" SrvParameter="Max working hour per day" SrvValue="13" SrvType="Integer   " Description="Max working hour per day " DefaultValue="15"/><ROW IDParam="38" SrvParameter="Show Price in Pre Receve" SrvValue="True" SrvType="Boolean   " Description="Show Price in Pre Receve " DefaultValue="True"/><ROW IDParam="39" SrvParameter="Show Menu Icons" SrvValue="True" SrvType="Boolean   " Description="Show Menu Icons" DefaultValue="True"/><ROW IDParam="40" SrvParameter="Show Layaway in Invoice History" SrvValue="True" SrvType="Boolean   " Description="Show Layaway in Cash Register History" DefaultValue="True"/><ROW IDParam="41" SrvParameter="Show Layaway in Cash Registe History" SrvValue="True" SrvType="Boolean   " Description="Show Layaway in Invoice  History " DefaultValue="True"/><ROW IDParam="42" SrvParameter="Print Deposit" SrvValue="False" SrvType="Boolean   " DefaultValue="False"/><ROW IDParam="43" SrvParameter="Show Tab Layaway" SrvValue="True" SrvType="Boolean   " Description="Show the Tab Layaway on Point of Sale Hold" DefaultValue="True"/><ROW IDParam="44" SrvParameter="Check Serial Number in Sale" SrvValue="False" SrvType="Boolean   " Description="Add Serial Number in Sale without check it with the Inventory." DefaultValue="True"/><ROW IDParam="45" SrvParameter="Calculate MarkUp over CostPrice" SrvValue="True" SrvType="Boolean   " Description="If the value is False, the calcule will be over the AvgCost" DefaultValue="True"/><ROW IDParam="48" SrvParameter="Show Post-Date on Sale" SrvValue="False" SrvType="Boolean   " Description="Display option for post-payment on sale" DefaultValue="False"/><ROW IDParam="49" SrvParameter="Confirm delivery before sale" SrvValue="False" SrvType="Boolean   " Description="Hold cannot be paid until the delivery option is checked" DefaultValue="False"/><ROW IDParam="50" SrvParameter="Display Payment Place on Sale" SrvValue="False" SrvType="Boolean   " Description="Check this option to display field for choosing payment place option" DefaultValue="False"/><ROW IDParam="51" SrvParameter="Enter layaway full amount" SrvValue="False" SrvType="Boolean   " Description="Type True to enter full amount on layaway" DefaultValue="False"/><ROW IDParam="52" SrvParameter="Invoice Tab - show other costs" SrvValue="False" SrvType="Boolean   " Description="Type True to displat tab other costs on invoice" DefaultValue="False"/><ROW IDParam="53" SrvParameter="Invoice Tab - show Payment Receive" SrvValue="False" SrvType="Boolean   " Description="Type True to displat tab payments on invoice" DefaultValue="False"/><ROW IDParam="54" SrvParameter="Invoice Tab - show Agent Info" SrvValue="False" SrvType="Boolean   " Description="Type True to displat tab Agent info on invoice" DefaultValue="False"/><ROW IDParam="55" SrvParameter="Invoice Tab - show delivery" SrvValue="False" SrvType="Boolean   " Description="Type True to displat tab delivery on invoice" DefaultValue="False"/><ROW IDParam="56" SrvParameter="Invoice Tab - show deposit date" SrvValue="False" SrvType="Boolean   " Description="Type True to displat tab deposit date on invoice" DefaultValue="False"/><ROW IDParam="57" SrvParameter="Invoice Tab - show discount" SrvValue="True" SrvType="Boolean   " Description="Type True to displat tab discount on invoice" DefaultValue="True"/><ROW IDParam="58" SrvParameter="Max number of payments" SrvValue="12" SrvType="Integer   " Description="Enter number of disbursement for payments" DefaultValue="12"/><ROW IDParam="59" SrvParameter="Enable SERASA" SrvValue="False" SrvType="Boolean   " Description="Type True to enable SERASA" DefaultValue="False"/><ROW IDParam="60" SrvParameter="ZipCode Database" SrvValue="" SrvType="String    " Description="Type the server and table to locate the zip code" DefaultValue="siCEPDB"/><ROW IDParam="61" SrvParameter="Max number of days for paying now" SrvValue="-1" SrvType="Integer   " Description="Set the max number of days for payments when to validade payment method in sale" DefaultValue="-1"/><ROW IDParam="62" SrvParameter="Confirm delivery after finish sale" SrvValue="False" SrvType="Boolean   " Description="After make a sale, the Hold you not be close until you confirm the delivery" DefaultValue="False"/><ROW IDParam="63" SrvParameter="Type of Sales screen" SrvValue="3" SrvType="Integer   " Description="Chooses the type of Sales Screen. 1 = POS, 2 = Office, 3 = Full-POS" DefaultValue="1"/><ROW IDParam="64" SrvParameter="Exempt sale tax" SrvValue="False" SrvType="Boolean   " Description="Always exempt sale tax" DefaultValue="False"/><ROW IDParam="65" SrvParameter="Display floating qty stock" SrvValue="False" SrvType="Boolean   " Description="Display floating qty on stock for each store" DefaultValue="False"/><ROW IDParam="66" SrvParameter="Tax included on cost price" SrvValue="False" SrvType="Boolean   " Description="Taxes are included on cost price of the product" DefaultValue="False"/><ROW IDParam="67" SrvParameter="Display PET shop options" SrvValue="True" SrvType="Boolean   " Description="Display PET shop options" DefaultValue="False"/><ROW IDParam="68" SrvParameter="Use replacement cost" SrvValue="False" SrvType="Boolean   " Description="Enter TRUE to add the replacement cost in sale" DefaultValue="False"/><ROW IDParam="69" SrvParameter="Mark next day delivery before X hours" SrvValue="-1" SrvType="Integer   " Description="Users cannot mark next day delivery after X hour. Set -1 to disable" DefaultValue="-1"/><ROW IDParam="70" SrvParameter="Show resumed customer info" SrvValue="False" SrvType="Boolean   " Description="Enter TRUE to display resumed information in the customer file" DefaultValue="False"/><ROW IDParam="71" SrvParameter="Mark delivery only after receive payment" SrvValue="False" SrvType="Boolean   " Description="If the payment place is set to &quot;Other&quot;, you cannot mark delivery until receive all payments in a cash register" DefaultValue="False"/><ROW IDParam="72" SrvParameter="Use Markup calculation" SrvValue="False" SrvType="Boolean   " Description="If you choose TRUE, MainRetail will not include the taxes to calculate the markup." DefaultValue="False"/><ROW IDParam="73" SrvParameter="MRPuppyTracker server" SrvValue="" SrvType="String    " Description="Enter the MainRetail PuppyTracker executable path" DefaultValue=""/><ROW IDParam="74" SrvParameter="Prompt password before open MR" SrvValue="False" SrvType="Boolean   " Description="Prompt user password before open MainRetail" DefaultValue="False"/><ROW IDParam="75" SrvParameter="Use Margin table" SrvValue="True" SrvType="Boolean   " Description="Enable option to automatically calculate margin" DefaultValue="False"/><ROW IDParam="76" SrvParameter="Use Rounding table" SrvValue="True" SrvType="Boolean   " Description="Enable option to automatically rounding sale price" DefaultValue="False"/><ROW IDParam="77" SrvParameter="Remove Barcode Check Digit" SrvValue="2" SrvType="Integer   " Description="Remove the barcode digits when scan. 1 = First Digit, 2 = Last Digit, and 3 = First and Last Digit" DefaultValue="0"/><ROW IDParam="78" SrvParameter="Search Model after scan Barcode" SrvValue="True" SrvType="Boolean   " Description="Search for model number if the barcode is not found in search" DefaultValue="False"/><ROW IDParam="79" SrvParameter="Auto generate model code" SrvValue="True" SrvType="Boolean   " Description="The system will go automatically to generate a model code for new registered in cadastre models." DefaultValue="False"/><ROW IDParam="80" SrvParameter="Apply promo on sale" SrvValue="True" SrvType="Boolean   " Description="When a product will be added for sale, the system will go to process the promotion that it will be tied." DefaultValue="False"/><ROW IDParam="82" SrvParameter="Generate Hold# when opening sale." SrvValue="False" SrvType="Boolean   " Description="Set the max number of days for payments when to validade payment method in sale" DefaultValue="False"/><ROW IDParam="83" SrvParameter="Treat Hold as Invoice on Sale" SrvValue="False" SrvType="Boolean   " Description="If this option is TRUE, the system will treat the hold as invoice in commission, graphs, etc." DefaultValue="False"/><ROW IDParam="84" SrvParameter="Send item for the trash" SrvValue="True" SrvType="Boolean   " Description="Items are automatic sended to trash, when to zero the amount." DefaultValue="False"/><ROW IDParam="85" SrvParameter="Use fractional quantities in system" SrvValue="False" SrvType="Boolean   " Description="Use fractional quantities on purchase orders, requests, etc." DefaultValue="False"/><ROW IDParam="86" SrvParameter="Default expiration length for gift cards" SrvValue="-1" SrvType="Integer   " Description="The default number of months until gift cards expire (-1 for no expiration)" DefaultValue="-1"/><ROW IDParam="87" SrvParameter="Allow progressive quantity discounts" SrvValue="True" SrvType="Boolean   " Description="Enter TRUE to Apply discounts to all items that excede quantity level for price break" DefaultValue="False"/><ROW IDParam="88" SrvParameter="Use Catalog" SrvValue="True" SrvType="Boolean   " Description="Enter TRUE to Search in Catalog when the product is not found" DefaultValue="False"/><ROW IDParam="89" SrvParameter="Ask price when sale price is 0 on sale." SrvValue="True" SrvType="Boolean   " Description="Enter TRUE to ask price when sale price is 0 on sale." DefaultValue="False"/><ROW IDParam="90" SrvParameter="Min length for to remove barcode digit" SrvValue="0" SrvType="Integer   " Description="Enter the minimal length for verify before to remove the bracode digits" DefaultValue="0"/><ROW IDParam="91" SrvParameter="PetCenter Software" SrvValue="True" SrvType="String    " Description="Enter the PetCenter Software path" DefaultValue=""/><ROW IDParam="92" SrvParameter="Apply Bonus Buck on sale" SrvValue="True" SrvType="Boolean   " Description="When a product will be added for sale, the system will go to process the Bonus that it will be tied" DefaultValue="False"/><ROW IDParam="93" SrvParameter="Create Sub-Catagory &amp; Group on import. " SrvValue="True" SrvType="Boolean   " Description="If does not have Sub-Category &amp; Group create on import." DefaultValue="False"/><ROW IDParam="94" SrvParameter="Limit layaway edits to month created" SrvValue="False" SrvType="Boolean   " Description="Where true would mean that a layaway could not be edited after the end of the month it was created in" DefaultValue="False"/><ROW IDParam="95" SrvParameter="Validate case qty on hold" SrvValue="False" SrvType="Boolean   " Description="Where true would mean that it will not be able to sell Cases with differents qty of their multiple" DefaultValue="False"/><ROW IDParam="96" SrvParameter="Apply invoice discount on items" SrvValue="True" SrvType="Boolean   " Description="If true, the discount on invoice will affect the items discount" DefaultValue="True"/><ROW IDParam="97" SrvParameter="Auto generate price" SrvValue="False" SrvType="Boolean   " Description="When a product will be saled below of the suggest price for the vendor, the system will go to generate the price automatically." DefaultValue="False"/><ROW IDParam="98" SrvParameter="Use identification number on serial" SrvValue="True" SrvType="Boolean   " Description="It qualifies a field to be used as one second identification of the serial number." DefaultValue="False"/><ROW IDParam="99" SrvParameter="Calculate commission on invoice" SrvValue="True" SrvType="Boolean   " Description="If this option is TRUE, the software will calculate commission on invoices. Otherwise, it calculates commission including hold." DefaultValue="TRUE"/><ROW IDParam="100" SrvParameter="Auto generate transfer items number" SrvValue="True" SrvType="Boolean   " Description="If this option will be TRUE, system will go automatically to generate the number of the transfer for new exit transfers." DefaultValue="False"/><ROW IDParam="101" SrvParameter="Calculate commission on hold paid" SrvValue="False" SrvType="Boolean   " Description="If this option is TRUE, the software will calculate commission on hold paid. Otherwise, it calculates commission including all holds." DefaultValue="False"/><ROW IDParam="102" SrvParameter="Save un-posted Payment closing register" SrvValue="False" SrvType="Boolean   " Description="If this option is TRUE, it will save un-posted payment when close register with option 2 = Office" DefaultValue="False"/><ROW IDParam="103" SrvParameter="Disable increase price on sale" SrvValue="True" SrvType="Boolean   " Description="If this option is TRUE, when you change the sale price for more then original value, it will replace the sale price." DefaultValue="True"/><ROW IDParam="104" SrvParameter="Invoice Tab - show complement" SrvValue="False" SrvType="Boolean   " Description="Type True to displat tab complement on invoice" DefaultValue="False"/><ROW IDParam="105" SrvParameter="Update Budget prices in X days" SrvValue="0" SrvType="Integer   " Description="Type the number of days to auto update budget price. Set 0 do disable." DefaultValue="0"/><ROW IDParam="106" SrvParameter="Confirm budget before import" SrvValue="False" SrvType="Boolean   " Description="Type TRUE to validate delivery and payment condition before import a budget." DefaultValue="False"/><ROW IDParam="107" SrvParameter="Auto generate document number" SrvValue="False" SrvType="Boolean   " Description="If this option will be TRUE, system will go automatically to generate the document number in receiving." DefaultValue="False"/><ROW IDParam="108" SrvParameter="Disable Freight and Other Cost" SrvValue="False" SrvType="Boolean   " Description="If this option will be TRUE, system will disable freight and other cost field on receiving" DefaultValue="False"/><ROW IDParam="109" SrvParameter="Remove Backordered Items After Import" SrvValue="False" SrvType="Boolean   " Description="If this option will be TRUE, system remove any backordered items after import PO" DefaultValue="False"/><ROW IDParam="110" SrvParameter="Service Order Type" SrvValue="0" SrvType="Integer   " Description="0 - Other, 1 - Auto Repair" DefaultValue="0"/><ROW IDParam="111" SrvParameter="Disable Defects in Service Order" SrvValue="False" SrvType="Boolean   " Description="If this option is TRUE, system will disable defects option on Service Order." DefaultValue="False"/><ROW IDParam="112" SrvParameter="Require Lot Control" SrvValue="True" SrvType="Boolean   " Description="If this option is TRUE, the system will require lot information on purchase, transfer and sale." DefaultValue="True"/><ROW IDParam="113" SrvParameter="Return without receipt = Store Credit" SrvValue="True" SrvType="Boolean   " Description="If this option is TRUE, Return without receipt requires Store credit payment only" DefaultValue="True"/><ROW IDParam="114" SrvParameter="Editing Purchase History back in month" SrvValue="0" SrvType="Integer   " Description="Allow editing of purchase history back # of month" DefaultValue="0"/><ROW IDParam="115" SrvParameter="Insert Customer�s Sales Person on sale" SrvValue="False" SrvType="Boolean   " Description="If this option is True, the system will insert the Sales Person who create the Customer on sale" DefaultValue="False"/><ROW IDParam="116" SrvParameter="Enable industry option" SrvValue="False" SrvType="Boolean   " Description="If the value is True, the system will enable industry options like working with 4 decimals on item sale price." DefaultValue="False"/></ROWDATA></DATAPACKET>