<?xml version="1.0" standalone="yes"?>  <DATAPACKET Version="2.0"><METADATA><FIELDS><FIELD attrname="IDStore" fieldtype="i4"/><FIELD attrname="Name" fieldtype="string" WIDTH="30"/><FIELD attrname="TicketHeader" fieldtype="bin.hex" SUBTYPE="Text"/><FIELD attrname="TicketLayawayFooter" fieldtype="bin.hex" SUBTYPE="Text"/><FIELD attrname="TicketTaxIsemptFooter" fieldtype="bin.hex" SUBTYPE="Text"/><FIELD attrname="TicketFooter" fieldtype="bin.hex" SUBTYPE="Text"/><FIELD attrname="TicketDetail" fieldtype="bin.hex" SUBTYPE="Text"/><FIELD attrname="TicketTotals" fieldtype="bin.hex" SUBTYPE="Text"/><FIELD attrname="PrintTicketHeader" fieldtype="boolean"/><FIELD attrname="PrintLayawayFooter" fieldtype="boolean"/><FIELD attrname="PrintTaxInsemptFooter" fieldtype="boolean"/><FIELD attrname="PrintTicketFooter" fieldtype="boolean"/><FIELD attrname="IDEstado" fieldtype="string" SUBTYPE="FixedChar" WIDTH="3"/><FIELD attrname="Address" fieldtype="string" WIDTH="80"/><FIELD attrname="City" fieldtype="string" WIDTH="40"/><FIELD attrname="Zip" fieldtype="string" SUBTYPE="FixedChar" WIDTH="12"/><FIELD attrname="Telephone" fieldtype="string" WIDTH="40"/><FIELD attrname="Cellular" fieldtype="string" WIDTH="18"/><FIELD attrname="Beeper" fieldtype="string" WIDTH="25"/><FIELD attrname="Fax" fieldtype="string" WIDTH="40"/><FIELD attrname="Contato" fieldtype="string" WIDTH="50"/><FIELD attrname="Email" fieldtype="string" WIDTH="60"/><FIELD attrname="WebPage" fieldtype="string" WIDTH="80"/></FIELDS><PARAMS/></METADATA><ROWDATA><ROW IDStore="1" Name="Topeka Best Pets" IDEstado="KS " Address="910 NW 25th Suite F" City="Topeka" Zip="66618       " Telephone="785-233-7387" Cellular="785-249-7154" Fax="785-233-5093" Contato="Chris Hamilton" Email="topekabestpets@inlandnet.net"/></ROWDATA></DATAPACKET>