<?xml version="1.0" standalone="yes"?>  <DATAPACKET Version="2.0"><METADATA><FIELDS><FIELD attrname="UserTypeID" fieldtype="i4"/><FIELD attrname="IDUser" fieldtype="i4"/><FIELD attrname="SystemUser" fieldtype="string" WIDTH="50"/><FIELD attrname="ComissionID" fieldtype="i4"/><FIELD attrname="StoresAccess" fieldtype="string" WIDTH="255"/><FIELD attrname="PW" fieldtype="string" WIDTH="10"/><FIELD attrname="IDTipoPessoa" fieldtype="i4"/><FIELD attrname="CodSystemUser" fieldtype="string" WIDTH="20"/></FIELDS><PARAMS/></METADATA><ROWDATA><ROW UserTypeID="1" IDUser="1" SystemUser="Admin" ComissionID="2" StoresAccess="1" PW="master" IDTipoPessoa="4" CodSystemUser="Admin"/><ROW UserTypeID="1" IDUser="3" SystemUser="Maribeth Hamilton" ComissionID="13" StoresAccess="1" PW="3641" IDTipoPessoa="4" CodSystemUser="mhamilton"/><ROW UserTypeID="1" IDUser="4" SystemUser="Chris Hamilton" ComissionID="26" StoresAccess="1" PW="8950" IDTipoPessoa="4" CodSystemUser="chamilton"/><ROW UserTypeID="1" IDUser="5" SystemUser="Tori Tipton" ComissionID="27" StoresAccess="1" PW="2640" IDTipoPessoa="4" CodSystemUser="ttipton"/><ROW UserTypeID="3" IDUser="6" SystemUser="Shelby Tipton" ComissionID="28" StoresAccess="1" PW="9054" IDTipoPessoa="4" CodSystemUser="stipton"/><ROW UserTypeID="2" IDUser="7" SystemUser="Emily Kreipe" ComissionID="29" StoresAccess="1" PW="6603" IDTipoPessoa="4" CodSystemUser="ekreipe"/><ROW UserTypeID="2" IDUser="8" SystemUser="Patty Brown" ComissionID="30" StoresAccess="1" PW="2918" IDTipoPessoa="4" CodSystemUser="pbrown"/><ROW UserTypeID="3" IDUser="9" SystemUser="Mary Jaimez" ComissionID="31" StoresAccess="1" PW="4934" IDTipoPessoa="4" CodSystemUser="mjaimez"/><ROW UserTypeID="3" IDUser="10" SystemUser="Jami Deghand" ComissionID="37" StoresAccess="1" PW="5669" IDTipoPessoa="4" CodSystemUser="jdeghand"/><ROW UserTypeID="3" IDUser="11" SystemUser="Brittany Boothe" ComissionID="44" StoresAccess="1" PW="2897" IDTipoPessoa="4" CodSystemUser="bboothe"/><ROW UserTypeID="3" IDUser="12" SystemUser="Heather Payne" ComissionID="137" StoresAccess="1" PW="5632" IDTipoPessoa="4" CodSystemUser="hpayne"/><ROW UserTypeID="3" IDUser="13" SystemUser="Makenzie Crow" ComissionID="139" StoresAccess="1" PW="7765" IDTipoPessoa="4" CodSystemUser="mcrow"/><ROW UserTypeID="1" IDUser="14" SystemUser="Clint Devoe" ComissionID="156" StoresAccess="1" PW="5365" IDTipoPessoa="4" CodSystemUser="cdevoe"/><ROW UserTypeID="3" IDUser="15" SystemUser="Topeka&apos;s Best Pets" ComissionID="2" StoresAccess="1" PW="0000" IDTipoPessoa="4" CodSystemUser="topekabestpets"/><ROW UserTypeID="3" IDUser="16" SystemUser="Jenny Kemper" ComissionID="164" StoresAccess="1" PW="1256" IDTipoPessoa="4" CodSystemUser="jkemper"/><ROW UserTypeID="3" IDUser="17" SystemUser="AJ Mattwaoshshe" ComissionID="201" StoresAccess="1" PW="1307" IDTipoPessoa="4" CodSystemUser="amattwaoshshe"/><ROW UserTypeID="3" IDUser="18" SystemUser="Kathy Schiffelbein" ComissionID="206" StoresAccess="1" PW="1125" IDTipoPessoa="4" CodSystemUser="kschiffelbein"/><ROW UserTypeID="3" IDUser="19" SystemUser="Claire Killion" ComissionID="243" StoresAccess="1" PW="5941" IDTipoPessoa="4" CodSystemUser="ckillion"/><ROW UserTypeID="3" IDUser="20" SystemUser="Rachel Hamilton" ComissionID="271" StoresAccess="1" PW="1234" IDTipoPessoa="4" CodSystemUser="rhamilton"/><ROW UserTypeID="2" IDUser="21" SystemUser="Cody Dell" ComissionID="272" StoresAccess="1" PW="8339" IDTipoPessoa="4" CodSystemUser="cdell"/><ROW UserTypeID="2" IDUser="22" SystemUser="Kelly Hamilton" ComissionID="318" StoresAccess="1" PW="9172" IDTipoPessoa="4" CodSystemUser="khamilton"/><ROW UserTypeID="3" IDUser="23" SystemUser="Emily Darby" ComissionID="341" StoresAccess="1" PW="0051" IDTipoPessoa="4" CodSystemUser="edarby"/><ROW UserTypeID="3" IDUser="27" SystemUser="Tyler Harries" ComissionID="883" StoresAccess="1" PW="2060" IDTipoPessoa="4" CodSystemUser="tharries"/><ROW UserTypeID="2" IDUser="28" SystemUser="Moises Cardona" ComissionID="1026" StoresAccess="1" PW="9113" IDTipoPessoa="4" CodSystemUser="mcardona"/><ROW UserTypeID="3" IDUser="29" SystemUser="Sandy Noll" ComissionID="1162" StoresAccess="1" PW="4628" IDTipoPessoa="4" CodSystemUser="snoll"/><ROW UserTypeID="3" IDUser="30" SystemUser="Megan Barnes" ComissionID="1161" StoresAccess="1" PW="8625" IDTipoPessoa="4" CodSystemUser="mbarnes"/><ROW UserTypeID="3" IDUser="31" SystemUser="Samantha Canon" ComissionID="1178" StoresAccess="1" PW="5657" IDTipoPessoa="4" CodSystemUser="scanon"/></ROWDATA></DATAPACKET>