<?xml version="1.0" standalone="yes"?>  <DATAPACKET Version="2.0"><METADATA><FIELDS><FIELD attrname="IDUserType" fieldtype="i4"/><FIELD attrname="IDSysFunction" fieldtype="i4"/><FIELD attrname="Acesso" fieldtype="boolean"/></FIELDS><PARAMS/></METADATA><ROWDATA><ROW IDUserType="1" IDSysFunction="1" Acesso="TRUE"/><ROW IDUserType="1" IDSysFunction="2" Acesso="TRUE"/><ROW IDUserType="1" IDSysFunction="3" Acesso="TRUE"/><ROW IDUserType="1" IDSysFunction="4" Acesso="TRUE"/><ROW IDUserType="1" IDSysFunction="5" Acesso="TRUE"/><ROW IDUserType="1" IDSysFunction="6" Acesso="TRUE"/><ROW IDUserType="1" IDSysFunction="7" Acesso="TRUE"/><ROW IDUserType="1" IDSysFunction="8" Acesso="TRUE"/><ROW IDUserType="1" IDSysFunction="9" Acesso="TRUE"/><ROW IDUserType="1" IDSysFunction="10" Acesso="TRUE"/><ROW IDUserType="1" IDSysFunction="11" Acesso="TRUE"/><ROW IDUserType="1" IDSysFunction="12" Acesso="TRUE"/><ROW IDUserType="1" IDSysFunction="13" Acesso="TRUE"/><ROW IDUserType="1" IDSysFunction="14" Acesso="TRUE"/><ROW IDUserType="1" IDSysFunction="15" Acesso="TRUE"/><ROW IDUserType="1" IDSysFunction="16" Acesso="TRUE"/><ROW IDUserType="1" IDSysFunction="17" Acesso="TRUE"/><ROW IDUserType="1" IDSysFunction="18" Acesso="TRUE"/><ROW IDUserType="1" IDSysFunction="19" Acesso="TRUE"/><ROW IDUserType="1" IDSysFunction="20" Acesso="TRUE"/><ROW IDUserType="1" IDSysFunction="21" Acesso="TRUE"/><ROW IDUserType="1" IDSysFunction="22" Acesso="TRUE"/><ROW IDUserType="1" IDSysFunction="23" Acesso="TRUE"/><ROW IDUserType="1" IDSysFunction="24" Acesso="TRUE"/><ROW IDUserType="1" IDSysFunction="25" Acesso="TRUE"/><ROW IDUserType="1" IDSysFunction="26" Acesso="TRUE"/><ROW IDUserType="1" IDSysFunction="29" Acesso="TRUE"/><ROW IDUserType="1" IDSysFunction="30" Acesso="TRUE"/><ROW IDUserType="1" IDSysFunction="31" Acesso="TRUE"/><ROW IDUserType="1" IDSysFunction="32" Acesso="TRUE"/><ROW IDUserType="1" IDSysFunction="33" Acesso="TRUE"/><ROW IDUserType="1" IDSysFunction="34" Acesso="TRUE"/><ROW IDUserType="1" IDSysFunction="36" Acesso="TRUE"/><ROW IDUserType="1" IDSysFunction="39" Acesso="TRUE"/><ROW IDUserType="1" IDSysFunction="40" Acesso="TRUE"/><ROW IDUserType="1" IDSysFunction="41" Acesso="TRUE"/><ROW IDUserType="1" IDSysFunction="42" Acesso="TRUE"/><ROW IDUserType="1" IDSysFunction="43" Acesso="TRUE"/><ROW IDUserType="1" IDSysFunction="44" Acesso="TRUE"/><ROW IDUserType="1" IDSysFunction="45" Acesso="TRUE"/><ROW IDUserType="1" IDSysFunction="46" Acesso="FALSE"/><ROW IDUserType="1" IDSysFunction="47" Acesso="TRUE"/><ROW IDUserType="1" IDSysFunction="48" Acesso="TRUE"/><ROW IDUserType="1" IDSysFunction="49" Acesso="TRUE"/><ROW IDUserType="1" IDSysFunction="50" Acesso="TRUE"/><ROW IDUserType="1" IDSysFunction="51" Acesso="TRUE"/><ROW IDUserType="1" IDSysFunction="52" Acesso="TRUE"/><ROW IDUserType="1" IDSysFunction="53" Acesso="TRUE"/><ROW IDUserType="1" IDSysFunction="54" Acesso="TRUE"/><ROW IDUserType="1" IDSysFunction="55" Acesso="TRUE"/><ROW IDUserType="1" IDSysFunction="56" Acesso="TRUE"/><ROW IDUserType="1" IDSysFunction="57" Acesso="TRUE"/><ROW IDUserType="1" IDSysFunction="58" Acesso="FALSE"/><ROW IDUserType="1" IDSysFunction="59" Acesso="TRUE"/><ROW IDUserType="1" IDSysFunction="60" Acesso="TRUE"/><ROW IDUserType="1" IDSysFunction="61" Acesso="TRUE"/><ROW IDUserType="1" IDSysFunction="62" Acesso="TRUE"/><ROW IDUserType="1" IDSysFunction="63" Acesso="TRUE"/><ROW IDUserType="1" IDSysFunction="64" Acesso="TRUE"/><ROW IDUserType="1" IDSysFunction="65" Acesso="TRUE"/><ROW IDUserType="1" IDSysFunction="66" Acesso="TRUE"/><ROW IDUserType="1" IDSysFunction="67" Acesso="TRUE"/><ROW IDUserType="1" IDSysFunction="68" Acesso="TRUE"/><ROW IDUserType="1" IDSysFunction="69" Acesso="TRUE"/><ROW IDUserType="1" IDSysFunction="70" Acesso="TRUE"/><ROW IDUserType="1" IDSysFunction="71" Acesso="TRUE"/><ROW IDUserType="1" IDSysFunction="72" Acesso="TRUE"/><ROW IDUserType="1" IDSysFunction="73" Acesso="TRUE"/><ROW IDUserType="1" IDSysFunction="74" Acesso="TRUE"/><ROW IDUserType="1" IDSysFunction="75" Acesso="TRUE"/><ROW IDUserType="1" IDSysFunction="76" Acesso="TRUE"/><ROW IDUserType="1" IDSysFunction="77" Acesso="TRUE"/><ROW IDUserType="1" IDSysFunction="78" Acesso="TRUE"/><ROW IDUserType="1" IDSysFunction="79" Acesso="TRUE"/><ROW IDUserType="1" IDSysFunction="80" Acesso="TRUE"/><ROW IDUserType="1" IDSysFunction="81" Acesso="TRUE"/><ROW IDUserType="1" IDSysFunction="82" Acesso="TRUE"/><ROW IDUserType="1" IDSysFunction="83" Acesso="TRUE"/><ROW IDUserType="1" IDSysFunction="84" Acesso="TRUE"/><ROW IDUserType="1" IDSysFunction="85" Acesso="TRUE"/><ROW IDUserType="1" IDSysFunction="86" Acesso="TRUE"/><ROW IDUserType="1" IDSysFunction="87" Acesso="FALSE"/><ROW IDUserType="1" IDSysFunction="88" Acesso="TRUE"/><ROW IDUserType="1" IDSysFunction="89" Acesso="FALSE"/><ROW IDUserType="1" IDSysFunction="90" Acesso="FALSE"/><ROW IDUserType="1" IDSysFunction="91" Acesso="FALSE"/><ROW IDUserType="2" IDSysFunction="1" Acesso="TRUE"/><ROW IDUserType="2" IDSysFunction="2" Acesso="TRUE"/><ROW IDUserType="2" IDSysFunction="3" Acesso="FALSE"/><ROW IDUserType="2" IDSysFunction="4" Acesso="TRUE"/><ROW IDUserType="2" IDSysFunction="5" Acesso="FALSE"/><ROW IDUserType="2" IDSysFunction="6" Acesso="FALSE"/><ROW IDUserType="2" IDSysFunction="7" Acesso="TRUE"/><ROW IDUserType="2" IDSysFunction="8" Acesso="TRUE"/><ROW IDUserType="2" IDSysFunction="9" Acesso="TRUE"/><ROW IDUserType="2" IDSysFunction="10" Acesso="TRUE"/><ROW IDUserType="2" IDSysFunction="11" Acesso="TRUE"/><ROW IDUserType="2" IDSysFunction="12" Acesso="TRUE"/><ROW IDUserType="2" IDSysFunction="13" Acesso="TRUE"/><ROW IDUserType="2" IDSysFunction="14" Acesso="TRUE"/><ROW IDUserType="2" IDSysFunction="15" Acesso="TRUE"/><ROW IDUserType="2" IDSysFunction="16" Acesso="TRUE"/><ROW IDUserType="2" IDSysFunction="17" Acesso="TRUE"/><ROW IDUserType="2" IDSysFunction="18" Acesso="TRUE"/><ROW IDUserType="2" IDSysFunction="19" Acesso="FALSE"/><ROW IDUserType="2" IDSysFunction="20" Acesso="TRUE"/><ROW IDUserType="2" IDSysFunction="21" Acesso="TRUE"/><ROW IDUserType="2" IDSysFunction="22" Acesso="TRUE"/><ROW IDUserType="2" IDSysFunction="23" Acesso="TRUE"/><ROW IDUserType="2" IDSysFunction="24" Acesso="TRUE"/><ROW IDUserType="2" IDSysFunction="25" Acesso="FALSE"/><ROW IDUserType="2" IDSysFunction="26" Acesso="TRUE"/><ROW IDUserType="2" IDSysFunction="29" Acesso="TRUE"/><ROW IDUserType="2" IDSysFunction="30" Acesso="TRUE"/><ROW IDUserType="2" IDSysFunction="31" Acesso="TRUE"/><ROW IDUserType="2" IDSysFunction="32" Acesso="TRUE"/><ROW IDUserType="2" IDSysFunction="33" Acesso="TRUE"/><ROW IDUserType="2" IDSysFunction="34" Acesso="TRUE"/><ROW IDUserType="2" IDSysFunction="36" Acesso="FALSE"/><ROW IDUserType="2" IDSysFunction="39" Acesso="FALSE"/><ROW IDUserType="2" IDSysFunction="40" Acesso="FALSE"/><ROW IDUserType="2" IDSysFunction="41" Acesso="TRUE"/><ROW IDUserType="2" IDSysFunction="42" Acesso="FALSE"/><ROW IDUserType="2" IDSysFunction="43" Acesso="FALSE"/><ROW IDUserType="2" IDSysFunction="44" Acesso="FALSE"/><ROW IDUserType="2" IDSysFunction="45" Acesso="FALSE"/><ROW IDUserType="2" IDSysFunction="46" Acesso="FALSE"/><ROW IDUserType="2" IDSysFunction="47" Acesso="FALSE"/><ROW IDUserType="2" IDSysFunction="48" Acesso="FALSE"/><ROW IDUserType="2" IDSysFunction="49" Acesso="FALSE"/><ROW IDUserType="2" IDSysFunction="50" Acesso="FALSE"/><ROW IDUserType="2" IDSysFunction="51" Acesso="FALSE"/><ROW IDUserType="2" IDSysFunction="52" Acesso="TRUE"/><ROW IDUserType="2" IDSysFunction="53" Acesso="TRUE"/><ROW IDUserType="2" IDSysFunction="54" Acesso="FALSE"/><ROW IDUserType="2" IDSysFunction="55" Acesso="FALSE"/><ROW IDUserType="2" IDSysFunction="56" Acesso="FALSE"/><ROW IDUserType="2" IDSysFunction="57" Acesso="FALSE"/><ROW IDUserType="2" IDSysFunction="58" Acesso="FALSE"/><ROW IDUserType="2" IDSysFunction="59" Acesso="TRUE"/><ROW IDUserType="2" IDSysFunction="60" Acesso="TRUE"/><ROW IDUserType="2" IDSysFunction="61" Acesso="TRUE"/><ROW IDUserType="2" IDSysFunction="62" Acesso="FALSE"/><ROW IDUserType="2" IDSysFunction="63" Acesso="FALSE"/><ROW IDUserType="2" IDSysFunction="64" Acesso="FALSE"/><ROW IDUserType="2" IDSysFunction="65" Acesso="TRUE"/><ROW IDUserType="2" IDSysFunction="66" Acesso="TRUE"/><ROW IDUserType="2" IDSysFunction="67" Acesso="FALSE"/><ROW IDUserType="2" IDSysFunction="68" Acesso="FALSE"/><ROW IDUserType="2" IDSysFunction="69" Acesso="FALSE"/><ROW IDUserType="2" IDSysFunction="70" Acesso="FALSE"/><ROW IDUserType="2" IDSysFunction="71" Acesso="TRUE"/><ROW IDUserType="2" IDSysFunction="72" Acesso="TRUE"/><ROW IDUserType="2" IDSysFunction="73" Acesso="FALSE"/><ROW IDUserType="2" IDSysFunction="74" Acesso="FALSE"/><ROW IDUserType="2" IDSysFunction="75" Acesso="TRUE"/><ROW IDUserType="2" IDSysFunction="76" Acesso="FALSE"/><ROW IDUserType="2" IDSysFunction="77" Acesso="FALSE"/><ROW IDUserType="2" IDSysFunction="78" Acesso="FALSE"/><ROW IDUserType="2" IDSysFunction="79" Acesso="FALSE"/><ROW IDUserType="2" IDSysFunction="80" Acesso="TRUE"/><ROW IDUserType="2" IDSysFunction="81" Acesso="TRUE"/><ROW IDUserType="2" IDSysFunction="82" Acesso="TRUE"/><ROW IDUserType="2" IDSysFunction="83" Acesso="TRUE"/><ROW IDUserType="2" IDSysFunction="84" Acesso="FALSE"/><ROW IDUserType="2" IDSysFunction="85" Acesso="FALSE"/><ROW IDUserType="2" IDSysFunction="86" Acesso="FALSE"/><ROW IDUserType="2" IDSysFunction="87" Acesso="FALSE"/><ROW IDUserType="2" IDSysFunction="88" Acesso="FALSE"/><ROW IDUserType="2" IDSysFunction="89" Acesso="FALSE"/><ROW IDUserType="2" IDSysFunction="90" Acesso="FALSE"/><ROW IDUserType="2" IDSysFunction="91" Acesso="FALSE"/><ROW IDUserType="3" IDSysFunction="1" Acesso="FALSE"/><ROW IDUserType="3" IDSysFunction="2" Acesso="FALSE"/><ROW IDUserType="3" IDSysFunction="3" Acesso="FALSE"/><ROW IDUserType="3" IDSysFunction="4" Acesso="FALSE"/><ROW IDUserType="3" IDSysFunction="5" Acesso="FALSE"/><ROW IDUserType="3" IDSysFunction="6" Acesso="FALSE"/><ROW IDUserType="3" IDSysFunction="7" Acesso="FALSE"/><ROW IDUserType="3" IDSysFunction="8" Acesso="FALSE"/><ROW IDUserType="3" IDSysFunction="9" Acesso="TRUE"/><ROW IDUserType="3" IDSysFunction="10" Acesso="FALSE"/><ROW IDUserType="3" IDSysFunction="11" Acesso="FALSE"/><ROW IDUserType="3" IDSysFunction="12" Acesso="FALSE"/><ROW IDUserType="3" IDSysFunction="13" Acesso="TRUE"/><ROW IDUserType="3" IDSysFunction="14" Acesso="FALSE"/><ROW IDUserType="3" IDSysFunction="15" Acesso="FALSE"/><ROW IDUserType="3" IDSysFunction="16" Acesso="TRUE"/><ROW IDUserType="3" IDSysFunction="17" Acesso="FALSE"/><ROW IDUserType="3" IDSysFunction="18" Acesso="FALSE"/><ROW IDUserType="3" IDSysFunction="19" Acesso="FALSE"/><ROW IDUserType="3" IDSysFunction="20" Acesso="FALSE"/><ROW IDUserType="3" IDSysFunction="21" Acesso="FALSE"/><ROW IDUserType="3" IDSysFunction="22" Acesso="TRUE"/><ROW IDUserType="3" IDSysFunction="23" Acesso="FALSE"/><ROW IDUserType="3" IDSysFunction="24" Acesso="FALSE"/><ROW IDUserType="3" IDSysFunction="25" Acesso="TRUE"/><ROW IDUserType="3" IDSysFunction="26" Acesso="FALSE"/><ROW IDUserType="3" IDSysFunction="29" Acesso="FALSE"/><ROW IDUserType="3" IDSysFunction="30" Acesso="FALSE"/><ROW IDUserType="3" IDSysFunction="31" Acesso="FALSE"/><ROW IDUserType="3" IDSysFunction="32" Acesso="TRUE"/><ROW IDUserType="3" IDSysFunction="33" Acesso="FALSE"/><ROW IDUserType="3" IDSysFunction="34" Acesso="FALSE"/><ROW IDUserType="3" IDSysFunction="36" Acesso="FALSE"/><ROW IDUserType="3" IDSysFunction="39" Acesso="FALSE"/><ROW IDUserType="3" IDSysFunction="40" Acesso="FALSE"/><ROW IDUserType="3" IDSysFunction="41" Acesso="FALSE"/><ROW IDUserType="3" IDSysFunction="42" Acesso="TRUE"/><ROW IDUserType="3" IDSysFunction="43" Acesso="FALSE"/><ROW IDUserType="3" IDSysFunction="44" Acesso="FALSE"/><ROW IDUserType="3" IDSysFunction="45" Acesso="TRUE"/><ROW IDUserType="3" IDSysFunction="46" Acesso="TRUE"/><ROW IDUserType="3" IDSysFunction="47" Acesso="TRUE"/><ROW IDUserType="3" IDSysFunction="48" Acesso="TRUE"/><ROW IDUserType="3" IDSysFunction="49" Acesso="FALSE"/><ROW IDUserType="3" IDSysFunction="50" Acesso="FALSE"/><ROW IDUserType="3" IDSysFunction="51" Acesso="FALSE"/><ROW IDUserType="3" IDSysFunction="52" Acesso="FALSE"/><ROW IDUserType="3" IDSysFunction="53" Acesso="TRUE"/><ROW IDUserType="3" IDSysFunction="54" Acesso="FALSE"/><ROW IDUserType="3" IDSysFunction="55" Acesso="FALSE"/><ROW IDUserType="3" IDSysFunction="56" Acesso="TRUE"/><ROW IDUserType="3" IDSysFunction="57" Acesso="TRUE"/><ROW IDUserType="3" IDSysFunction="58" Acesso="FALSE"/><ROW IDUserType="3" IDSysFunction="59" Acesso="FALSE"/><ROW IDUserType="3" IDSysFunction="60" Acesso="FALSE"/><ROW IDUserType="3" IDSysFunction="61" Acesso="FALSE"/><ROW IDUserType="3" IDSysFunction="62" Acesso="FALSE"/><ROW IDUserType="3" IDSysFunction="63" Acesso="FALSE"/><ROW IDUserType="3" IDSysFunction="64" Acesso="FALSE"/><ROW IDUserType="3" IDSysFunction="65" Acesso="TRUE"/><ROW IDUserType="3" IDSysFunction="66" Acesso="TRUE"/><ROW IDUserType="3" IDSysFunction="67" Acesso="FALSE"/><ROW IDUserType="3" IDSysFunction="68" Acesso="FALSE"/><ROW IDUserType="3" IDSysFunction="69" Acesso="FALSE"/><ROW IDUserType="3" IDSysFunction="70" Acesso="FALSE"/><ROW IDUserType="3" IDSysFunction="71" Acesso="TRUE"/><ROW IDUserType="3" IDSysFunction="72" Acesso="TRUE"/><ROW IDUserType="3" IDSysFunction="73" Acesso="FALSE"/><ROW IDUserType="3" IDSysFunction="74" Acesso="FALSE"/><ROW IDUserType="3" IDSysFunction="75" Acesso="TRUE"/><ROW IDUserType="3" IDSysFunction="76" Acesso="FALSE"/><ROW IDUserType="3" IDSysFunction="77" Acesso="FALSE"/><ROW IDUserType="3" IDSysFunction="78" Acesso="FALSE"/><ROW IDUserType="3" IDSysFunction="79" Acesso="FALSE"/><ROW IDUserType="3" IDSysFunction="80" Acesso="TRUE"/><ROW IDUserType="3" IDSysFunction="81" Acesso="TRUE"/><ROW IDUserType="3" IDSysFunction="82" Acesso="TRUE"/><ROW IDUserType="3" IDSysFunction="83" Acesso="FALSE"/><ROW IDUserType="3" IDSysFunction="84" Acesso="FALSE"/><ROW IDUserType="3" IDSysFunction="85" Acesso="FALSE"/><ROW IDUserType="3" IDSysFunction="86" Acesso="FALSE"/><ROW IDUserType="3" IDSysFunction="87" Acesso="FALSE"/><ROW IDUserType="3" IDSysFunction="88" Acesso="FALSE"/><ROW IDUserType="3" IDSysFunction="89" Acesso="FALSE"/><ROW IDUserType="3" IDSysFunction="90" Acesso="FALSE"/><ROW IDUserType="3" IDSysFunction="91" Acesso="FALSE"/><ROW IDUserType="4" IDSysFunction="1" Acesso="FALSE"/><ROW IDUserType="4" IDSysFunction="2" Acesso="FALSE"/><ROW IDUserType="4" IDSysFunction="3" Acesso="FALSE"/><ROW IDUserType="4" IDSysFunction="4" Acesso="FALSE"/><ROW IDUserType="4" IDSysFunction="5" Acesso="FALSE"/><ROW IDUserType="4" IDSysFunction="6" Acesso="FALSE"/><ROW IDUserType="4" IDSysFunction="7" Acesso="FALSE"/><ROW IDUserType="4" IDSysFunction="8" Acesso="FALSE"/><ROW IDUserType="4" IDSysFunction="9" Acesso="FALSE"/><ROW IDUserType="4" IDSysFunction="10" Acesso="FALSE"/><ROW IDUserType="4" IDSysFunction="11" Acesso="TRUE"/><ROW IDUserType="4" IDSysFunction="12" Acesso="TRUE"/><ROW IDUserType="4" IDSysFunction="13" Acesso="FALSE"/><ROW IDUserType="4" IDSysFunction="14" Acesso="FALSE"/><ROW IDUserType="4" IDSysFunction="15" Acesso="FALSE"/><ROW IDUserType="4" IDSysFunction="16" Acesso="TRUE"/><ROW IDUserType="4" IDSysFunction="17" Acesso="FALSE"/><ROW IDUserType="4" IDSysFunction="18" Acesso="TRUE"/><ROW IDUserType="4" IDSysFunction="19" Acesso="FALSE"/><ROW IDUserType="4" IDSysFunction="20" Acesso="FALSE"/><ROW IDUserType="4" IDSysFunction="21" Acesso="FALSE"/><ROW IDUserType="4" IDSysFunction="22" Acesso="FALSE"/><ROW IDUserType="4" IDSysFunction="23" Acesso="FALSE"/><ROW IDUserType="4" IDSysFunction="24" Acesso="TRUE"/><ROW IDUserType="4" IDSysFunction="25" Acesso="FALSE"/><ROW IDUserType="4" IDSysFunction="26" Acesso="FALSE"/><ROW IDUserType="4" IDSysFunction="29" Acesso="FALSE"/><ROW IDUserType="4" IDSysFunction="30" Acesso="FALSE"/><ROW IDUserType="4" IDSysFunction="31" Acesso="FALSE"/><ROW IDUserType="4" IDSysFunction="32" Acesso="FALSE"/><ROW IDUserType="4" IDSysFunction="33" Acesso="FALSE"/><ROW IDUserType="4" IDSysFunction="34" Acesso="FALSE"/><ROW IDUserType="4" IDSysFunction="36" Acesso="FALSE"/><ROW IDUserType="4" IDSysFunction="39" Acesso="FALSE"/><ROW IDUserType="4" IDSysFunction="40" Acesso="FALSE"/><ROW IDUserType="4" IDSysFunction="41" Acesso="FALSE"/><ROW IDUserType="4" IDSysFunction="42" Acesso="FALSE"/><ROW IDUserType="4" IDSysFunction="43" Acesso="FALSE"/><ROW IDUserType="4" IDSysFunction="44" Acesso="FALSE"/><ROW IDUserType="4" IDSysFunction="45" Acesso="FALSE"/><ROW IDUserType="4" IDSysFunction="46" Acesso="FALSE"/><ROW IDUserType="4" IDSysFunction="47" Acesso="FALSE"/><ROW IDUserType="4" IDSysFunction="48" Acesso="FALSE"/><ROW IDUserType="4" IDSysFunction="49" Acesso="FALSE"/><ROW IDUserType="4" IDSysFunction="50" Acesso="FALSE"/><ROW IDUserType="4" IDSysFunction="51" Acesso="FALSE"/><ROW IDUserType="4" IDSysFunction="52" Acesso="FALSE"/><ROW IDUserType="4" IDSysFunction="53" Acesso="FALSE"/><ROW IDUserType="4" IDSysFunction="54" Acesso="FALSE"/><ROW IDUserType="4" IDSysFunction="55" Acesso="FALSE"/><ROW IDUserType="4" IDSysFunction="56" Acesso="FALSE"/><ROW IDUserType="4" IDSysFunction="57" Acesso="FALSE"/><ROW IDUserType="4" IDSysFunction="58" Acesso="FALSE"/><ROW IDUserType="4" IDSysFunction="59" Acesso="TRUE"/><ROW IDUserType="4" IDSysFunction="60" Acesso="TRUE"/><ROW IDUserType="4" IDSysFunction="61" Acesso="TRUE"/><ROW IDUserType="4" IDSysFunction="62" Acesso="FALSE"/><ROW IDUserType="4" IDSysFunction="63" Acesso="FALSE"/><ROW IDUserType="4" IDSysFunction="64" Acesso="FALSE"/><ROW IDUserType="4" IDSysFunction="65" Acesso="FALSE"/><ROW IDUserType="4" IDSysFunction="66" Acesso="FALSE"/><ROW IDUserType="4" IDSysFunction="67" Acesso="FALSE"/><ROW IDUserType="4" IDSysFunction="68" Acesso="FALSE"/><ROW IDUserType="4" IDSysFunction="69" Acesso="FALSE"/><ROW IDUserType="4" IDSysFunction="70" Acesso="FALSE"/><ROW IDUserType="4" IDSysFunction="71" Acesso="TRUE"/><ROW IDUserType="4" IDSysFunction="72" Acesso="FALSE"/><ROW IDUserType="4" IDSysFunction="73" Acesso="FALSE"/><ROW IDUserType="4" IDSysFunction="74" Acesso="FALSE"/><ROW IDUserType="4" IDSysFunction="75" Acesso="TRUE"/><ROW IDUserType="4" IDSysFunction="76" Acesso="FALSE"/><ROW IDUserType="4" IDSysFunction="77" Acesso="FALSE"/><ROW IDUserType="4" IDSysFunction="78" Acesso="FALSE"/><ROW IDUserType="4" IDSysFunction="79" Acesso="FALSE"/><ROW IDUserType="4" IDSysFunction="80" Acesso="TRUE"/><ROW IDUserType="4" IDSysFunction="81" Acesso="TRUE"/><ROW IDUserType="4" IDSysFunction="82" Acesso="TRUE"/><ROW IDUserType="4" IDSysFunction="83" Acesso="FALSE"/><ROW IDUserType="4" IDSysFunction="84" Acesso="FALSE"/><ROW IDUserType="4" IDSysFunction="85" Acesso="FALSE"/><ROW IDUserType="4" IDSysFunction="86" Acesso="FALSE"/><ROW IDUserType="4" IDSysFunction="87" Acesso="FALSE"/><ROW IDUserType="4" IDSysFunction="88" Acesso="FALSE"/><ROW IDUserType="4" IDSysFunction="89" Acesso="FALSE"/><ROW IDUserType="4" IDSysFunction="90" Acesso="FALSE"/><ROW IDUserType="4" IDSysFunction="91" Acesso="FALSE"/><ROW IDUserType="5" IDSysFunction="1" Acesso="FALSE"/><ROW IDUserType="5" IDSysFunction="2" Acesso="TRUE"/><ROW IDUserType="5" IDSysFunction="3" Acesso="FALSE"/><ROW IDUserType="5" IDSysFunction="4" Acesso="FALSE"/><ROW IDUserType="5" IDSysFunction="5" Acesso="FALSE"/><ROW IDUserType="5" IDSysFunction="6" Acesso="FALSE"/><ROW IDUserType="5" IDSysFunction="7" Acesso="TRUE"/><ROW IDUserType="5" IDSysFunction="8" Acesso="FALSE"/><ROW IDUserType="5" IDSysFunction="9" Acesso="TRUE"/><ROW IDUserType="5" IDSysFunction="10" Acesso="FALSE"/><ROW IDUserType="5" IDSysFunction="11" Acesso="TRUE"/><ROW IDUserType="5" IDSysFunction="12" Acesso="FALSE"/><ROW IDUserType="5" IDSysFunction="13" Acesso="TRUE"/><ROW IDUserType="5" IDSysFunction="14" Acesso="FALSE"/><ROW IDUserType="5" IDSysFunction="15" Acesso="FALSE"/><ROW IDUserType="5" IDSysFunction="16" Acesso="TRUE"/><ROW IDUserType="5" IDSysFunction="17" Acesso="FALSE"/><ROW IDUserType="5" IDSysFunction="18" Acesso="FALSE"/><ROW IDUserType="5" IDSysFunction="19" Acesso="FALSE"/><ROW IDUserType="5" IDSysFunction="20" Acesso="FALSE"/><ROW IDUserType="5" IDSysFunction="21" Acesso="FALSE"/><ROW IDUserType="5" IDSysFunction="22" Acesso="TRUE"/><ROW IDUserType="5" IDSysFunction="23" Acesso="FALSE"/><ROW IDUserType="5" IDSysFunction="24" Acesso="FALSE"/><ROW IDUserType="5" IDSysFunction="25" Acesso="FALSE"/><ROW IDUserType="5" IDSysFunction="26" Acesso="FALSE"/><ROW IDUserType="5" IDSysFunction="29" Acesso="FALSE"/><ROW IDUserType="5" IDSysFunction="30" Acesso="FALSE"/><ROW IDUserType="5" IDSysFunction="31" Acesso="TRUE"/><ROW IDUserType="5" IDSysFunction="32" Acesso="FALSE"/><ROW IDUserType="5" IDSysFunction="33" Acesso="FALSE"/><ROW IDUserType="5" IDSysFunction="34" Acesso="FALSE"/><ROW IDUserType="5" IDSysFunction="36" Acesso="FALSE"/><ROW IDUserType="5" IDSysFunction="39" Acesso="FALSE"/><ROW IDUserType="5" IDSysFunction="40" Acesso="FALSE"/><ROW IDUserType="5" IDSysFunction="41" Acesso="FALSE"/><ROW IDUserType="5" IDSysFunction="42" Acesso="FALSE"/><ROW IDUserType="5" IDSysFunction="43" Acesso="FALSE"/><ROW IDUserType="5" IDSysFunction="44" Acesso="FALSE"/><ROW IDUserType="5" IDSysFunction="45" Acesso="FALSE"/><ROW IDUserType="5" IDSysFunction="46" Acesso="FALSE"/><ROW IDUserType="5" IDSysFunction="47" Acesso="FALSE"/><ROW IDUserType="5" IDSysFunction="48" Acesso="FALSE"/><ROW IDUserType="5" IDSysFunction="49" Acesso="FALSE"/><ROW IDUserType="5" IDSysFunction="50" Acesso="FALSE"/><ROW IDUserType="5" IDSysFunction="51" Acesso="FALSE"/><ROW IDUserType="5" IDSysFunction="52" Acesso="FALSE"/><ROW IDUserType="5" IDSysFunction="53" Acesso="FALSE"/><ROW IDUserType="5" IDSysFunction="54" Acesso="FALSE"/><ROW IDUserType="5" IDSysFunction="55" Acesso="FALSE"/><ROW IDUserType="5" IDSysFunction="56" Acesso="FALSE"/><ROW IDUserType="5" IDSysFunction="57" Acesso="FALSE"/><ROW IDUserType="5" IDSysFunction="58" Acesso="FALSE"/><ROW IDUserType="5" IDSysFunction="59" Acesso="FALSE"/><ROW IDUserType="5" IDSysFunction="60" Acesso="FALSE"/><ROW IDUserType="5" IDSysFunction="61" Acesso="FALSE"/><ROW IDUserType="5" IDSysFunction="62" Acesso="FALSE"/><ROW IDUserType="5" IDSysFunction="63" Acesso="FALSE"/><ROW IDUserType="5" IDSysFunction="64" Acesso="FALSE"/><ROW IDUserType="5" IDSysFunction="65" Acesso="FALSE"/><ROW IDUserType="5" IDSysFunction="66" Acesso="FALSE"/><ROW IDUserType="5" IDSysFunction="67" Acesso="FALSE"/><ROW IDUserType="5" IDSysFunction="68" Acesso="FALSE"/><ROW IDUserType="5" IDSysFunction="69" Acesso="FALSE"/><ROW IDUserType="5" IDSysFunction="70" Acesso="FALSE"/><ROW IDUserType="5" IDSysFunction="71" Acesso="TRUE"/><ROW IDUserType="5" IDSysFunction="72" Acesso="FALSE"/><ROW IDUserType="5" IDSysFunction="73" Acesso="FALSE"/><ROW IDUserType="5" IDSysFunction="74" Acesso="FALSE"/><ROW IDUserType="5" IDSysFunction="75" Acesso="TRUE"/><ROW IDUserType="5" IDSysFunction="76" Acesso="FALSE"/><ROW IDUserType="5" IDSysFunction="77" Acesso="FALSE"/><ROW IDUserType="5" IDSysFunction="78" Acesso="FALSE"/><ROW IDUserType="5" IDSysFunction="79" Acesso="FALSE"/><ROW IDUserType="5" IDSysFunction="80" Acesso="FALSE"/><ROW IDUserType="5" IDSysFunction="81" Acesso="FALSE"/><ROW IDUserType="5" IDSysFunction="82" Acesso="FALSE"/><ROW IDUserType="5" IDSysFunction="83" Acesso="FALSE"/><ROW IDUserType="5" IDSysFunction="84" Acesso="FALSE"/><ROW IDUserType="5" IDSysFunction="85" Acesso="FALSE"/><ROW IDUserType="5" IDSysFunction="86" Acesso="FALSE"/><ROW IDUserType="5" IDSysFunction="87" Acesso="FALSE"/><ROW IDUserType="5" IDSysFunction="88" Acesso="FALSE"/><ROW IDUserType="5" IDSysFunction="89" Acesso="FALSE"/><ROW IDUserType="5" IDSysFunction="90" Acesso="FALSE"/><ROW IDUserType="5" IDSysFunction="91" Acesso="FALSE"/><ROW IDUserType="6" IDSysFunction="1" Acesso="TRUE"/><ROW IDUserType="6" IDSysFunction="2" Acesso="TRUE"/><ROW IDUserType="6" IDSysFunction="3" Acesso="FALSE"/><ROW IDUserType="6" IDSysFunction="4" Acesso="FALSE"/><ROW IDUserType="6" IDSysFunction="5" Acesso="FALSE"/><ROW IDUserType="6" IDSysFunction="6" Acesso="FALSE"/><ROW IDUserType="6" IDSysFunction="7" Acesso="TRUE"/><ROW IDUserType="6" IDSysFunction="8" Acesso="TRUE"/><ROW IDUserType="6" IDSysFunction="9" Acesso="TRUE"/><ROW IDUserType="6" IDSysFunction="10" Acesso="TRUE"/><ROW IDUserType="6" IDSysFunction="11" Acesso="TRUE"/><ROW IDUserType="6" IDSysFunction="12" Acesso="TRUE"/><ROW IDUserType="6" IDSysFunction="13" Acesso="TRUE"/><ROW IDUserType="6" IDSysFunction="14" Acesso="TRUE"/><ROW IDUserType="6" IDSysFunction="15" Acesso="FALSE"/><ROW IDUserType="6" IDSysFunction="16" Acesso="TRUE"/><ROW IDUserType="6" IDSysFunction="17" Acesso="TRUE"/><ROW IDUserType="6" IDSysFunction="18" Acesso="TRUE"/><ROW IDUserType="6" IDSysFunction="19" Acesso="FALSE"/><ROW IDUserType="6" IDSysFunction="20" Acesso="FALSE"/><ROW IDUserType="6" IDSysFunction="21" Acesso="TRUE"/><ROW IDUserType="6" IDSysFunction="22" Acesso="TRUE"/><ROW IDUserType="6" IDSysFunction="23" Acesso="TRUE"/><ROW IDUserType="6" IDSysFunction="24" Acesso="TRUE"/><ROW IDUserType="6" IDSysFunction="25" Acesso="FALSE"/><ROW IDUserType="6" IDSysFunction="26" Acesso="TRUE"/><ROW IDUserType="6" IDSysFunction="29" Acesso="FALSE"/><ROW IDUserType="6" IDSysFunction="30" Acesso="FALSE"/><ROW IDUserType="6" IDSysFunction="31" Acesso="TRUE"/><ROW IDUserType="6" IDSysFunction="32" Acesso="FALSE"/><ROW IDUserType="6" IDSysFunction="33" Acesso="FALSE"/><ROW IDUserType="6" IDSysFunction="34" Acesso="TRUE"/><ROW IDUserType="6" IDSysFunction="36" Acesso="FALSE"/><ROW IDUserType="6" IDSysFunction="39" Acesso="FALSE"/><ROW IDUserType="6" IDSysFunction="40" Acesso="FALSE"/><ROW IDUserType="6" IDSysFunction="41" Acesso="TRUE"/><ROW IDUserType="6" IDSysFunction="42" Acesso="FALSE"/><ROW IDUserType="6" IDSysFunction="43" Acesso="FALSE"/><ROW IDUserType="6" IDSysFunction="44" Acesso="FALSE"/><ROW IDUserType="6" IDSysFunction="45" Acesso="FALSE"/><ROW IDUserType="6" IDSysFunction="46" Acesso="FALSE"/><ROW IDUserType="6" IDSysFunction="47" Acesso="FALSE"/><ROW IDUserType="6" IDSysFunction="48" Acesso="FALSE"/><ROW IDUserType="6" IDSysFunction="49" Acesso="FALSE"/><ROW IDUserType="6" IDSysFunction="50" Acesso="FALSE"/><ROW IDUserType="6" IDSysFunction="51" Acesso="FALSE"/><ROW IDUserType="6" IDSysFunction="52" Acesso="FALSE"/><ROW IDUserType="6" IDSysFunction="53" Acesso="TRUE"/><ROW IDUserType="6" IDSysFunction="54" Acesso="FALSE"/><ROW IDUserType="6" IDSysFunction="55" Acesso="FALSE"/><ROW IDUserType="6" IDSysFunction="56" Acesso="FALSE"/><ROW IDUserType="6" IDSysFunction="57" Acesso="FALSE"/><ROW IDUserType="6" IDSysFunction="58" Acesso="FALSE"/><ROW IDUserType="6" IDSysFunction="59" Acesso="TRUE"/><ROW IDUserType="6" IDSysFunction="60" Acesso="FALSE"/><ROW IDUserType="6" IDSysFunction="61" Acesso="TRUE"/><ROW IDUserType="6" IDSysFunction="62" Acesso="FALSE"/><ROW IDUserType="6" IDSysFunction="63" Acesso="FALSE"/><ROW IDUserType="6" IDSysFunction="64" Acesso="FALSE"/><ROW IDUserType="6" IDSysFunction="65" Acesso="TRUE"/><ROW IDUserType="6" IDSysFunction="66" Acesso="TRUE"/><ROW IDUserType="6" IDSysFunction="67" Acesso="FALSE"/><ROW IDUserType="6" IDSysFunction="68" Acesso="FALSE"/><ROW IDUserType="6" IDSysFunction="69" Acesso="FALSE"/><ROW IDUserType="6" IDSysFunction="70" Acesso="FALSE"/><ROW IDUserType="6" IDSysFunction="71" Acesso="TRUE"/><ROW IDUserType="6" IDSysFunction="72" Acesso="TRUE"/><ROW IDUserType="6" IDSysFunction="73" Acesso="FALSE"/><ROW IDUserType="6" IDSysFunction="74" Acesso="FALSE"/><ROW IDUserType="6" IDSysFunction="75" Acesso="TRUE"/><ROW IDUserType="6" IDSysFunction="76" Acesso="FALSE"/><ROW IDUserType="6" IDSysFunction="77" Acesso="FALSE"/><ROW IDUserType="6" IDSysFunction="78" Acesso="FALSE"/><ROW IDUserType="6" IDSysFunction="79" Acesso="FALSE"/><ROW IDUserType="6" IDSysFunction="80" Acesso="FALSE"/><ROW IDUserType="6" IDSysFunction="81" Acesso="FALSE"/><ROW IDUserType="6" IDSysFunction="82" Acesso="FALSE"/><ROW IDUserType="6" IDSysFunction="83" Acesso="TRUE"/><ROW IDUserType="6" IDSysFunction="84" Acesso="FALSE"/><ROW IDUserType="6" IDSysFunction="85" Acesso="FALSE"/><ROW IDUserType="6" IDSysFunction="86" Acesso="FALSE"/><ROW IDUserType="6" IDSysFunction="87" Acesso="FALSE"/><ROW IDUserType="6" IDSysFunction="88" Acesso="FALSE"/><ROW IDUserType="6" IDSysFunction="89" Acesso="FALSE"/><ROW IDUserType="6" IDSysFunction="90" Acesso="FALSE"/><ROW IDUserType="6" IDSysFunction="91" Acesso="FALSE"/><ROW IDUserType="7" IDSysFunction="1" Acesso="FALSE"/><ROW IDUserType="7" IDSysFunction="2" Acesso="TRUE"/><ROW IDUserType="7" IDSysFunction="3" Acesso="TRUE"/><ROW IDUserType="7" IDSysFunction="4" Acesso="FALSE"/><ROW IDUserType="7" IDSysFunction="5" Acesso="FALSE"/><ROW IDUserType="7" IDSysFunction="6" Acesso="FALSE"/><ROW IDUserType="7" IDSysFunction="7" Acesso="FALSE"/><ROW IDUserType="7" IDSysFunction="8" Acesso="FALSE"/><ROW IDUserType="7" IDSysFunction="9" Acesso="TRUE"/><ROW IDUserType="7" IDSysFunction="10" Acesso="TRUE"/><ROW IDUserType="7" IDSysFunction="11" Acesso="TRUE"/><ROW IDUserType="7" IDSysFunction="12" Acesso="TRUE"/><ROW IDUserType="7" IDSysFunction="13" Acesso="TRUE"/><ROW IDUserType="7" IDSysFunction="14" Acesso="TRUE"/><ROW IDUserType="7" IDSysFunction="15" Acesso="FALSE"/><ROW IDUserType="7" IDSysFunction="16" Acesso="TRUE"/><ROW IDUserType="7" IDSysFunction="17" Acesso="FALSE"/><ROW IDUserType="7" IDSysFunction="18" Acesso="FALSE"/><ROW IDUserType="7" IDSysFunction="19" Acesso="FALSE"/><ROW IDUserType="7" IDSysFunction="20" Acesso="TRUE"/><ROW IDUserType="7" IDSysFunction="21" Acesso="TRUE"/><ROW IDUserType="7" IDSysFunction="22" Acesso="TRUE"/><ROW IDUserType="7" IDSysFunction="23" Acesso="TRUE"/><ROW IDUserType="7" IDSysFunction="24" Acesso="FALSE"/><ROW IDUserType="7" IDSysFunction="25" Acesso="FALSE"/><ROW IDUserType="7" IDSysFunction="26" Acesso="FALSE"/><ROW IDUserType="7" IDSysFunction="29" Acesso="FALSE"/><ROW IDUserType="7" IDSysFunction="30" Acesso="FALSE"/><ROW IDUserType="7" IDSysFunction="31" Acesso="FALSE"/><ROW IDUserType="7" IDSysFunction="32" Acesso="FALSE"/><ROW IDUserType="7" IDSysFunction="33" Acesso="FALSE"/><ROW IDUserType="7" IDSysFunction="34" Acesso="FALSE"/><ROW IDUserType="7" IDSysFunction="36" Acesso="FALSE"/><ROW IDUserType="7" IDSysFunction="39" Acesso="FALSE"/><ROW IDUserType="7" IDSysFunction="40" Acesso="FALSE"/><ROW IDUserType="7" IDSysFunction="41" Acesso="FALSE"/><ROW IDUserType="7" IDSysFunction="42" Acesso="FALSE"/><ROW IDUserType="7" IDSysFunction="43" Acesso="FALSE"/><ROW IDUserType="7" IDSysFunction="44" Acesso="FALSE"/><ROW IDUserType="7" IDSysFunction="45" Acesso="FALSE"/><ROW IDUserType="7" IDSysFunction="46" Acesso="FALSE"/><ROW IDUserType="7" IDSysFunction="47" Acesso="FALSE"/><ROW IDUserType="7" IDSysFunction="48" Acesso="FALSE"/><ROW IDUserType="7" IDSysFunction="49" Acesso="FALSE"/><ROW IDUserType="7" IDSysFunction="50" Acesso="FALSE"/><ROW IDUserType="7" IDSysFunction="51" Acesso="FALSE"/><ROW IDUserType="7" IDSysFunction="52" Acesso="FALSE"/><ROW IDUserType="7" IDSysFunction="53" Acesso="FALSE"/><ROW IDUserType="7" IDSysFunction="54" Acesso="FALSE"/><ROW IDUserType="7" IDSysFunction="55" Acesso="FALSE"/><ROW IDUserType="7" IDSysFunction="56" Acesso="FALSE"/><ROW IDUserType="7" IDSysFunction="57" Acesso="FALSE"/><ROW IDUserType="7" IDSysFunction="58" Acesso="FALSE"/><ROW IDUserType="7" IDSysFunction="59" Acesso="FALSE"/><ROW IDUserType="7" IDSysFunction="60" Acesso="FALSE"/><ROW IDUserType="7" IDSysFunction="61" Acesso="FALSE"/><ROW IDUserType="7" IDSysFunction="62" Acesso="FALSE"/><ROW IDUserType="7" IDSysFunction="63" Acesso="FALSE"/><ROW IDUserType="7" IDSysFunction="64" Acesso="FALSE"/><ROW IDUserType="7" IDSysFunction="65" Acesso="FALSE"/><ROW IDUserType="7" IDSysFunction="66" Acesso="FALSE"/><ROW IDUserType="7" IDSysFunction="67" Acesso="FALSE"/><ROW IDUserType="7" IDSysFunction="68" Acesso="FALSE"/><ROW IDUserType="7" IDSysFunction="69" Acesso="FALSE"/><ROW IDUserType="7" IDSysFunction="70" Acesso="FALSE"/><ROW IDUserType="7" IDSysFunction="71" Acesso="TRUE"/><ROW IDUserType="7" IDSysFunction="72" Acesso="FALSE"/><ROW IDUserType="7" IDSysFunction="73" Acesso="FALSE"/><ROW IDUserType="7" IDSysFunction="74" Acesso="FALSE"/><ROW IDUserType="7" IDSysFunction="75" Acesso="TRUE"/><ROW IDUserType="7" IDSysFunction="76" Acesso="FALSE"/><ROW IDUserType="7" IDSysFunction="77" Acesso="FALSE"/><ROW IDUserType="7" IDSysFunction="78" Acesso="FALSE"/><ROW IDUserType="7" IDSysFunction="79" Acesso="FALSE"/><ROW IDUserType="7" IDSysFunction="80" Acesso="FALSE"/><ROW IDUserType="7" IDSysFunction="81" Acesso="FALSE"/><ROW IDUserType="7" IDSysFunction="82" Acesso="FALSE"/><ROW IDUserType="7" IDSysFunction="83" Acesso="FALSE"/><ROW IDUserType="7" IDSysFunction="84" Acesso="FALSE"/><ROW IDUserType="7" IDSysFunction="85" Acesso="FALSE"/><ROW IDUserType="7" IDSysFunction="86" Acesso="FALSE"/><ROW IDUserType="7" IDSysFunction="87" Acesso="FALSE"/><ROW IDUserType="7" IDSysFunction="88" Acesso="FALSE"/><ROW IDUserType="7" IDSysFunction="89" Acesso="FALSE"/><ROW IDUserType="7" IDSysFunction="90" Acesso="FALSE"/><ROW IDUserType="7" IDSysFunction="91" Acesso="FALSE"/><ROW IDUserType="8" IDSysFunction="1" Acesso="FALSE"/><ROW IDUserType="8" IDSysFunction="2" Acesso="TRUE"/><ROW IDUserType="8" IDSysFunction="3" Acesso="FALSE"/><ROW IDUserType="8" IDSysFunction="4" Acesso="FALSE"/><ROW IDUserType="8" IDSysFunction="5" Acesso="FALSE"/><ROW IDUserType="8" IDSysFunction="6" Acesso="FALSE"/><ROW IDUserType="8" IDSysFunction="7" Acesso="TRUE"/><ROW IDUserType="8" IDSysFunction="8" Acesso="TRUE"/><ROW IDUserType="8" IDSysFunction="9" Acesso="TRUE"/><ROW IDUserType="8" IDSysFunction="10" Acesso="FALSE"/><ROW IDUserType="8" IDSysFunction="11" Acesso="TRUE"/><ROW IDUserType="8" IDSysFunction="12" Acesso="TRUE"/><ROW IDUserType="8" IDSysFunction="13" Acesso="TRUE"/><ROW IDUserType="8" IDSysFunction="14" Acesso="TRUE"/><ROW IDUserType="8" IDSysFunction="15" Acesso="TRUE"/><ROW IDUserType="8" IDSysFunction="16" Acesso="FALSE"/><ROW IDUserType="8" IDSysFunction="17" Acesso="FALSE"/><ROW IDUserType="8" IDSysFunction="18" Acesso="FALSE"/><ROW IDUserType="8" IDSysFunction="19" Acesso="FALSE"/><ROW IDUserType="8" IDSysFunction="20" Acesso="FALSE"/><ROW IDUserType="8" IDSysFunction="21" Acesso="FALSE"/><ROW IDUserType="8" IDSysFunction="22" Acesso="TRUE"/><ROW IDUserType="8" IDSysFunction="23" Acesso="FALSE"/><ROW IDUserType="8" IDSysFunction="24" Acesso="FALSE"/><ROW IDUserType="8" IDSysFunction="25" Acesso="FALSE"/><ROW IDUserType="8" IDSysFunction="26" Acesso="FALSE"/><ROW IDUserType="8" IDSysFunction="29" Acesso="FALSE"/><ROW IDUserType="8" IDSysFunction="30" Acesso="FALSE"/><ROW IDUserType="8" IDSysFunction="31" Acesso="TRUE"/><ROW IDUserType="8" IDSysFunction="32" Acesso="FALSE"/><ROW IDUserType="8" IDSysFunction="33" Acesso="FALSE"/><ROW IDUserType="8" IDSysFunction="34" Acesso="FALSE"/><ROW IDUserType="8" IDSysFunction="36" Acesso="FALSE"/><ROW IDUserType="8" IDSysFunction="39" Acesso="FALSE"/><ROW IDUserType="8" IDSysFunction="40" Acesso="FALSE"/><ROW IDUserType="8" IDSysFunction="41" Acesso="FALSE"/><ROW IDUserType="8" IDSysFunction="42" Acesso="FALSE"/><ROW IDUserType="8" IDSysFunction="43" Acesso="FALSE"/><ROW IDUserType="8" IDSysFunction="44" Acesso="FALSE"/><ROW IDUserType="8" IDSysFunction="45" Acesso="FALSE"/><ROW IDUserType="8" IDSysFunction="46" Acesso="FALSE"/><ROW IDUserType="8" IDSysFunction="47" Acesso="FALSE"/><ROW IDUserType="8" IDSysFunction="48" Acesso="FALSE"/><ROW IDUserType="8" IDSysFunction="49" Acesso="FALSE"/><ROW IDUserType="8" IDSysFunction="50" Acesso="FALSE"/><ROW IDUserType="8" IDSysFunction="51" Acesso="FALSE"/><ROW IDUserType="8" IDSysFunction="52" Acesso="FALSE"/><ROW IDUserType="8" IDSysFunction="53" Acesso="FALSE"/><ROW IDUserType="8" IDSysFunction="54" Acesso="FALSE"/><ROW IDUserType="8" IDSysFunction="55" Acesso="FALSE"/><ROW IDUserType="8" IDSysFunction="56" Acesso="FALSE"/><ROW IDUserType="8" IDSysFunction="57" Acesso="FALSE"/><ROW IDUserType="8" IDSysFunction="58" Acesso="FALSE"/><ROW IDUserType="8" IDSysFunction="59" Acesso="FALSE"/><ROW IDUserType="8" IDSysFunction="60" Acesso="FALSE"/><ROW IDUserType="8" IDSysFunction="61" Acesso="FALSE"/><ROW IDUserType="8" IDSysFunction="62" Acesso="FALSE"/><ROW IDUserType="8" IDSysFunction="63" Acesso="FALSE"/><ROW IDUserType="8" IDSysFunction="64" Acesso="FALSE"/><ROW IDUserType="8" IDSysFunction="65" Acesso="FALSE"/><ROW IDUserType="8" IDSysFunction="66" Acesso="FALSE"/><ROW IDUserType="8" IDSysFunction="67" Acesso="FALSE"/><ROW IDUserType="8" IDSysFunction="68" Acesso="FALSE"/><ROW IDUserType="8" IDSysFunction="69" Acesso="FALSE"/><ROW IDUserType="8" IDSysFunction="70" Acesso="FALSE"/><ROW IDUserType="8" IDSysFunction="71" Acesso="TRUE"/><ROW IDUserType="8" IDSysFunction="72" Acesso="FALSE"/><ROW IDUserType="8" IDSysFunction="73" Acesso="FALSE"/><ROW IDUserType="8" IDSysFunction="74" Acesso="FALSE"/><ROW IDUserType="8" IDSysFunction="75" Acesso="TRUE"/><ROW IDUserType="8" IDSysFunction="76" Acesso="FALSE"/><ROW IDUserType="8" IDSysFunction="77" Acesso="FALSE"/><ROW IDUserType="8" IDSysFunction="78" Acesso="FALSE"/><ROW IDUserType="8" IDSysFunction="79" Acesso="FALSE"/><ROW IDUserType="8" IDSysFunction="80" Acesso="FALSE"/><ROW IDUserType="8" IDSysFunction="81" Acesso="FALSE"/><ROW IDUserType="8" IDSysFunction="82" Acesso="FALSE"/><ROW IDUserType="8" IDSysFunction="83" Acesso="FALSE"/><ROW IDUserType="8" IDSysFunction="84" Acesso="FALSE"/><ROW IDUserType="8" IDSysFunction="85" Acesso="FALSE"/><ROW IDUserType="8" IDSysFunction="86" Acesso="FALSE"/><ROW IDUserType="8" IDSysFunction="87" Acesso="FALSE"/><ROW IDUserType="8" IDSysFunction="88" Acesso="FALSE"/><ROW IDUserType="8" IDSysFunction="89" Acesso="FALSE"/><ROW IDUserType="8" IDSysFunction="90" Acesso="FALSE"/><ROW IDUserType="8" IDSysFunction="91" Acesso="FALSE"/><ROW IDUserType="10" IDSysFunction="1" Acesso="FALSE"/><ROW IDUserType="10" IDSysFunction="2" Acesso="TRUE"/><ROW IDUserType="10" IDSysFunction="3" Acesso="FALSE"/><ROW IDUserType="10" IDSysFunction="4" Acesso="FALSE"/><ROW IDUserType="10" IDSysFunction="5" Acesso="FALSE"/><ROW IDUserType="10" IDSysFunction="6" Acesso="TRUE"/><ROW IDUserType="10" IDSysFunction="7" Acesso="FALSE"/><ROW IDUserType="10" IDSysFunction="8" Acesso="FALSE"/><ROW IDUserType="10" IDSysFunction="9" Acesso="FALSE"/><ROW IDUserType="10" IDSysFunction="10" Acesso="FALSE"/><ROW IDUserType="10" IDSysFunction="11" Acesso="TRUE"/><ROW IDUserType="10" IDSysFunction="12" Acesso="TRUE"/><ROW IDUserType="10" IDSysFunction="13" Acesso="TRUE"/><ROW IDUserType="10" IDSysFunction="14" Acesso="FALSE"/><ROW IDUserType="10" IDSysFunction="15" Acesso="FALSE"/><ROW IDUserType="10" IDSysFunction="16" Acesso="TRUE"/><ROW IDUserType="10" IDSysFunction="17" Acesso="FALSE"/><ROW IDUserType="10" IDSysFunction="18" Acesso="FALSE"/><ROW IDUserType="10" IDSysFunction="19" Acesso="FALSE"/><ROW IDUserType="10" IDSysFunction="20" Acesso="FALSE"/><ROW IDUserType="10" IDSysFunction="21" Acesso="FALSE"/><ROW IDUserType="10" IDSysFunction="22" Acesso="TRUE"/><ROW IDUserType="10" IDSysFunction="23" Acesso="FALSE"/><ROW IDUserType="10" IDSysFunction="24" Acesso="FALSE"/><ROW IDUserType="10" IDSysFunction="25" Acesso="FALSE"/><ROW IDUserType="10" IDSysFunction="26" Acesso="FALSE"/><ROW IDUserType="10" IDSysFunction="29" Acesso="FALSE"/><ROW IDUserType="10" IDSysFunction="30" Acesso="FALSE"/><ROW IDUserType="10" IDSysFunction="31" Acesso="TRUE"/><ROW IDUserType="10" IDSysFunction="32" Acesso="FALSE"/><ROW IDUserType="10" IDSysFunction="33" Acesso="FALSE"/><ROW IDUserType="10" IDSysFunction="34" Acesso="FALSE"/><ROW IDUserType="10" IDSysFunction="36" Acesso="FALSE"/><ROW IDUserType="10" IDSysFunction="39" Acesso="FALSE"/><ROW IDUserType="10" IDSysFunction="40" Acesso="FALSE"/><ROW IDUserType="10" IDSysFunction="41" Acesso="FALSE"/><ROW IDUserType="10" IDSysFunction="42" Acesso="FALSE"/><ROW IDUserType="10" IDSysFunction="43" Acesso="FALSE"/><ROW IDUserType="10" IDSysFunction="44" Acesso="FALSE"/><ROW IDUserType="10" IDSysFunction="45" Acesso="FALSE"/><ROW IDUserType="10" IDSysFunction="46" Acesso="FALSE"/><ROW IDUserType="10" IDSysFunction="47" Acesso="FALSE"/><ROW IDUserType="10" IDSysFunction="48" Acesso="FALSE"/><ROW IDUserType="10" IDSysFunction="49" Acesso="FALSE"/><ROW IDUserType="10" IDSysFunction="50" Acesso="FALSE"/><ROW IDUserType="10" IDSysFunction="51" Acesso="FALSE"/><ROW IDUserType="10" IDSysFunction="52" Acesso="FALSE"/><ROW IDUserType="10" IDSysFunction="53" Acesso="FALSE"/><ROW IDUserType="10" IDSysFunction="54" Acesso="FALSE"/><ROW IDUserType="10" IDSysFunction="55" Acesso="FALSE"/><ROW IDUserType="10" IDSysFunction="56" Acesso="FALSE"/><ROW IDUserType="10" IDSysFunction="57" Acesso="FALSE"/><ROW IDUserType="10" IDSysFunction="58" Acesso="FALSE"/><ROW IDUserType="10" IDSysFunction="59" Acesso="FALSE"/><ROW IDUserType="10" IDSysFunction="60" Acesso="FALSE"/><ROW IDUserType="10" IDSysFunction="61" Acesso="FALSE"/><ROW IDUserType="10" IDSysFunction="62" Acesso="FALSE"/><ROW IDUserType="10" IDSysFunction="63" Acesso="FALSE"/><ROW IDUserType="10" IDSysFunction="64" Acesso="FALSE"/><ROW IDUserType="10" IDSysFunction="65" Acesso="FALSE"/><ROW IDUserType="10" IDSysFunction="66" Acesso="FALSE"/><ROW IDUserType="10" IDSysFunction="67" Acesso="FALSE"/><ROW IDUserType="10" IDSysFunction="68" Acesso="FALSE"/><ROW IDUserType="10" IDSysFunction="69" Acesso="FALSE"/><ROW IDUserType="10" IDSysFunction="70" Acesso="FALSE"/><ROW IDUserType="10" IDSysFunction="71" Acesso="TRUE"/><ROW IDUserType="10" IDSysFunction="72" Acesso="FALSE"/><ROW IDUserType="10" IDSysFunction="73" Acesso="FALSE"/><ROW IDUserType="10" IDSysFunction="74" Acesso="FALSE"/><ROW IDUserType="10" IDSysFunction="75" Acesso="TRUE"/><ROW IDUserType="10" IDSysFunction="76" Acesso="FALSE"/><ROW IDUserType="10" IDSysFunction="77" Acesso="FALSE"/><ROW IDUserType="10" IDSysFunction="78" Acesso="FALSE"/><ROW IDUserType="10" IDSysFunction="79" Acesso="FALSE"/><ROW IDUserType="10" IDSysFunction="80" Acesso="FALSE"/><ROW IDUserType="10" IDSysFunction="81" Acesso="FALSE"/><ROW IDUserType="10" IDSysFunction="82" Acesso="FALSE"/><ROW IDUserType="10" IDSysFunction="83" Acesso="FALSE"/><ROW IDUserType="10" IDSysFunction="84" Acesso="FALSE"/><ROW IDUserType="10" IDSysFunction="85" Acesso="FALSE"/><ROW IDUserType="10" IDSysFunction="86" Acesso="FALSE"/><ROW IDUserType="10" IDSysFunction="87" Acesso="FALSE"/><ROW IDUserType="10" IDSysFunction="88" Acesso="FALSE"/><ROW IDUserType="10" IDSysFunction="89" Acesso="FALSE"/><ROW IDUserType="10" IDSysFunction="90" Acesso="FALSE"/><ROW IDUserType="10" IDSysFunction="91" Acesso="FALSE"/><ROW IDUserType="13" IDSysFunction="1" Acesso="FALSE"/><ROW IDUserType="13" IDSysFunction="2" Acesso="TRUE"/><ROW IDUserType="13" IDSysFunction="3" Acesso="FALSE"/><ROW IDUserType="13" IDSysFunction="4" Acesso="FALSE"/><ROW IDUserType="13" IDSysFunction="5" Acesso="FALSE"/><ROW IDUserType="13" IDSysFunction="6" Acesso="FALSE"/><ROW IDUserType="13" IDSysFunction="7" Acesso="FALSE"/><ROW IDUserType="13" IDSysFunction="8" Acesso="FALSE"/><ROW IDUserType="13" IDSysFunction="9" Acesso="FALSE"/><ROW IDUserType="13" IDSysFunction="10" Acesso="FALSE"/><ROW IDUserType="13" IDSysFunction="11" Acesso="TRUE"/><ROW IDUserType="13" IDSysFunction="12" Acesso="TRUE"/><ROW IDUserType="13" IDSysFunction="13" Acesso="TRUE"/><ROW IDUserType="13" IDSysFunction="14" Acesso="FALSE"/><ROW IDUserType="13" IDSysFunction="15" Acesso="FALSE"/><ROW IDUserType="13" IDSysFunction="16" Acesso="FALSE"/><ROW IDUserType="13" IDSysFunction="17" Acesso="FALSE"/><ROW IDUserType="13" IDSysFunction="18" Acesso="FALSE"/><ROW IDUserType="13" IDSysFunction="19" Acesso="FALSE"/><ROW IDUserType="13" IDSysFunction="20" Acesso="FALSE"/><ROW IDUserType="13" IDSysFunction="21" Acesso="FALSE"/><ROW IDUserType="13" IDSysFunction="22" Acesso="FALSE"/><ROW IDUserType="13" IDSysFunction="23" Acesso="FALSE"/><ROW IDUserType="13" IDSysFunction="24" Acesso="FALSE"/><ROW IDUserType="13" IDSysFunction="25" Acesso="FALSE"/><ROW IDUserType="13" IDSysFunction="26" Acesso="FALSE"/><ROW IDUserType="13" IDSysFunction="29" Acesso="FALSE"/><ROW IDUserType="13" IDSysFunction="30" Acesso="FALSE"/><ROW IDUserType="13" IDSysFunction="31" Acesso="TRUE"/><ROW IDUserType="13" IDSysFunction="32" Acesso="FALSE"/><ROW IDUserType="13" IDSysFunction="33" Acesso="FALSE"/><ROW IDUserType="13" IDSysFunction="34" Acesso="FALSE"/><ROW IDUserType="13" IDSysFunction="36" Acesso="FALSE"/><ROW IDUserType="13" IDSysFunction="39" Acesso="FALSE"/><ROW IDUserType="13" IDSysFunction="40" Acesso="FALSE"/><ROW IDUserType="13" IDSysFunction="41" Acesso="FALSE"/><ROW IDUserType="13" IDSysFunction="42" Acesso="FALSE"/><ROW IDUserType="13" IDSysFunction="43" Acesso="FALSE"/><ROW IDUserType="13" IDSysFunction="44" Acesso="FALSE"/><ROW IDUserType="13" IDSysFunction="45" Acesso="FALSE"/><ROW IDUserType="13" IDSysFunction="46" Acesso="FALSE"/><ROW IDUserType="13" IDSysFunction="47" Acesso="FALSE"/><ROW IDUserType="13" IDSysFunction="48" Acesso="FALSE"/><ROW IDUserType="13" IDSysFunction="49" Acesso="FALSE"/><ROW IDUserType="13" IDSysFunction="50" Acesso="FALSE"/><ROW IDUserType="13" IDSysFunction="51" Acesso="FALSE"/><ROW IDUserType="13" IDSysFunction="52" Acesso="FALSE"/><ROW IDUserType="13" IDSysFunction="53" Acesso="FALSE"/><ROW IDUserType="13" IDSysFunction="54" Acesso="FALSE"/><ROW IDUserType="13" IDSysFunction="55" Acesso="FALSE"/><ROW IDUserType="13" IDSysFunction="56" Acesso="FALSE"/><ROW IDUserType="13" IDSysFunction="57" Acesso="FALSE"/><ROW IDUserType="13" IDSysFunction="58" Acesso="FALSE"/><ROW IDUserType="13" IDSysFunction="59" Acesso="FALSE"/><ROW IDUserType="13" IDSysFunction="60" Acesso="FALSE"/><ROW IDUserType="13" IDSysFunction="61" Acesso="FALSE"/><ROW IDUserType="13" IDSysFunction="62" Acesso="FALSE"/><ROW IDUserType="13" IDSysFunction="63" Acesso="FALSE"/><ROW IDUserType="13" IDSysFunction="64" Acesso="FALSE"/><ROW IDUserType="13" IDSysFunction="65" Acesso="FALSE"/><ROW IDUserType="13" IDSysFunction="66" Acesso="FALSE"/><ROW IDUserType="13" IDSysFunction="67" Acesso="FALSE"/><ROW IDUserType="13" IDSysFunction="68" Acesso="FALSE"/><ROW IDUserType="13" IDSysFunction="69" Acesso="FALSE"/><ROW IDUserType="13" IDSysFunction="70" Acesso="FALSE"/><ROW IDUserType="13" IDSysFunction="71" Acesso="TRUE"/><ROW IDUserType="13" IDSysFunction="72" Acesso="FALSE"/><ROW IDUserType="13" IDSysFunction="73" Acesso="FALSE"/><ROW IDUserType="13" IDSysFunction="74" Acesso="FALSE"/><ROW IDUserType="13" IDSysFunction="75" Acesso="TRUE"/><ROW IDUserType="13" IDSysFunction="76" Acesso="FALSE"/><ROW IDUserType="13" IDSysFunction="77" Acesso="FALSE"/><ROW IDUserType="13" IDSysFunction="78" Acesso="FALSE"/><ROW IDUserType="13" IDSysFunction="79" Acesso="FALSE"/><ROW IDUserType="13" IDSysFunction="80" Acesso="FALSE"/><ROW IDUserType="13" IDSysFunction="81" Acesso="FALSE"/><ROW IDUserType="13" IDSysFunction="82" Acesso="FALSE"/><ROW IDUserType="13" IDSysFunction="83" Acesso="FALSE"/><ROW IDUserType="13" IDSysFunction="84" Acesso="FALSE"/><ROW IDUserType="13" IDSysFunction="85" Acesso="FALSE"/><ROW IDUserType="13" IDSysFunction="86" Acesso="FALSE"/><ROW IDUserType="13" IDSysFunction="87" Acesso="FALSE"/><ROW IDUserType="13" IDSysFunction="88" Acesso="FALSE"/><ROW IDUserType="13" IDSysFunction="89" Acesso="FALSE"/><ROW IDUserType="13" IDSysFunction="90" Acesso="FALSE"/><ROW IDUserType="13" IDSysFunction="91" Acesso="FALSE"/><ROW IDUserType="15" IDSysFunction="1" Acesso="FALSE"/><ROW IDUserType="15" IDSysFunction="2" Acesso="FALSE"/><ROW IDUserType="15" IDSysFunction="3" Acesso="FALSE"/><ROW IDUserType="15" IDSysFunction="4" Acesso="FALSE"/><ROW IDUserType="15" IDSysFunction="5" Acesso="FALSE"/><ROW IDUserType="15" IDSysFunction="6" Acesso="FALSE"/><ROW IDUserType="15" IDSysFunction="7" Acesso="FALSE"/><ROW IDUserType="15" IDSysFunction="8" Acesso="FALSE"/><ROW IDUserType="15" IDSysFunction="9" Acesso="FALSE"/><ROW IDUserType="15" IDSysFunction="10" Acesso="FALSE"/><ROW IDUserType="15" IDSysFunction="11" Acesso="FALSE"/><ROW IDUserType="15" IDSysFunction="12" Acesso="FALSE"/><ROW IDUserType="15" IDSysFunction="13" Acesso="FALSE"/><ROW IDUserType="15" IDSysFunction="14" Acesso="FALSE"/><ROW IDUserType="15" IDSysFunction="15" Acesso="FALSE"/><ROW IDUserType="15" IDSysFunction="16" Acesso="FALSE"/><ROW IDUserType="15" IDSysFunction="17" Acesso="FALSE"/><ROW IDUserType="15" IDSysFunction="18" Acesso="FALSE"/><ROW IDUserType="15" IDSysFunction="19" Acesso="FALSE"/><ROW IDUserType="15" IDSysFunction="20" Acesso="FALSE"/><ROW IDUserType="15" IDSysFunction="21" Acesso="FALSE"/><ROW IDUserType="15" IDSysFunction="22" Acesso="FALSE"/><ROW IDUserType="15" IDSysFunction="23" Acesso="FALSE"/><ROW IDUserType="15" IDSysFunction="24" Acesso="FALSE"/><ROW IDUserType="15" IDSysFunction="25" Acesso="FALSE"/><ROW IDUserType="15" IDSysFunction="26" Acesso="FALSE"/><ROW IDUserType="15" IDSysFunction="29" Acesso="FALSE"/><ROW IDUserType="15" IDSysFunction="30" Acesso="FALSE"/><ROW IDUserType="15" IDSysFunction="31" Acesso="FALSE"/><ROW IDUserType="15" IDSysFunction="32" Acesso="FALSE"/><ROW IDUserType="15" IDSysFunction="33" Acesso="FALSE"/><ROW IDUserType="15" IDSysFunction="34" Acesso="FALSE"/><ROW IDUserType="15" IDSysFunction="36" Acesso="FALSE"/><ROW IDUserType="15" IDSysFunction="39" Acesso="FALSE"/><ROW IDUserType="15" IDSysFunction="40" Acesso="FALSE"/><ROW IDUserType="15" IDSysFunction="41" Acesso="FALSE"/><ROW IDUserType="15" IDSysFunction="42" Acesso="FALSE"/><ROW IDUserType="15" IDSysFunction="43" Acesso="FALSE"/><ROW IDUserType="15" IDSysFunction="44" Acesso="FALSE"/><ROW IDUserType="15" IDSysFunction="45" Acesso="FALSE"/><ROW IDUserType="15" IDSysFunction="46" Acesso="FALSE"/><ROW IDUserType="15" IDSysFunction="47" Acesso="FALSE"/><ROW IDUserType="15" IDSysFunction="48" Acesso="FALSE"/><ROW IDUserType="15" IDSysFunction="49" Acesso="FALSE"/><ROW IDUserType="15" IDSysFunction="50" Acesso="FALSE"/><ROW IDUserType="15" IDSysFunction="51" Acesso="FALSE"/><ROW IDUserType="15" IDSysFunction="52" Acesso="FALSE"/><ROW IDUserType="15" IDSysFunction="53" Acesso="FALSE"/><ROW IDUserType="15" IDSysFunction="54" Acesso="FALSE"/><ROW IDUserType="15" IDSysFunction="55" Acesso="FALSE"/><ROW IDUserType="15" IDSysFunction="56" Acesso="FALSE"/><ROW IDUserType="15" IDSysFunction="57" Acesso="FALSE"/><ROW IDUserType="15" IDSysFunction="58" Acesso="FALSE"/><ROW IDUserType="15" IDSysFunction="59" Acesso="FALSE"/><ROW IDUserType="15" IDSysFunction="60" Acesso="FALSE"/><ROW IDUserType="15" IDSysFunction="61" Acesso="FALSE"/><ROW IDUserType="15" IDSysFunction="62" Acesso="FALSE"/><ROW IDUserType="15" IDSysFunction="63" Acesso="FALSE"/><ROW IDUserType="15" IDSysFunction="64" Acesso="FALSE"/><ROW IDUserType="15" IDSysFunction="65" Acesso="FALSE"/><ROW IDUserType="15" IDSysFunction="66" Acesso="FALSE"/><ROW IDUserType="15" IDSysFunction="67" Acesso="FALSE"/><ROW IDUserType="15" IDSysFunction="68" Acesso="FALSE"/><ROW IDUserType="15" IDSysFunction="69" Acesso="FALSE"/><ROW IDUserType="15" IDSysFunction="70" Acesso="FALSE"/><ROW IDUserType="15" IDSysFunction="71" Acesso="TRUE"/><ROW IDUserType="15" IDSysFunction="72" Acesso="FALSE"/><ROW IDUserType="15" IDSysFunction="73" Acesso="FALSE"/><ROW IDUserType="15" IDSysFunction="74" Acesso="FALSE"/><ROW IDUserType="15" IDSysFunction="75" Acesso="TRUE"/><ROW IDUserType="15" IDSysFunction="76" Acesso="FALSE"/><ROW IDUserType="15" IDSysFunction="77" Acesso="FALSE"/><ROW IDUserType="15" IDSysFunction="78" Acesso="FALSE"/><ROW IDUserType="15" IDSysFunction="79" Acesso="FALSE"/><ROW IDUserType="15" IDSysFunction="80" Acesso="FALSE"/><ROW IDUserType="15" IDSysFunction="81" Acesso="FALSE"/><ROW IDUserType="15" IDSysFunction="82" Acesso="FALSE"/><ROW IDUserType="15" IDSysFunction="83" Acesso="FALSE"/><ROW IDUserType="15" IDSysFunction="84" Acesso="FALSE"/><ROW IDUserType="15" IDSysFunction="85" Acesso="FALSE"/><ROW IDUserType="15" IDSysFunction="86" Acesso="FALSE"/><ROW IDUserType="15" IDSysFunction="87" Acesso="FALSE"/><ROW IDUserType="15" IDSysFunction="88" Acesso="FALSE"/><ROW IDUserType="15" IDSysFunction="89" Acesso="FALSE"/><ROW IDUserType="15" IDSysFunction="90" Acesso="FALSE"/><ROW IDUserType="15" IDSysFunction="91" Acesso="FALSE"/><ROW IDUserType="16" IDSysFunction="1" Acesso="FALSE"/><ROW IDUserType="16" IDSysFunction="2" Acesso="FALSE"/><ROW IDUserType="16" IDSysFunction="3" Acesso="FALSE"/><ROW IDUserType="16" IDSysFunction="4" Acesso="FALSE"/><ROW IDUserType="16" IDSysFunction="5" Acesso="FALSE"/><ROW IDUserType="16" IDSysFunction="6" Acesso="FALSE"/><ROW IDUserType="16" IDSysFunction="7" Acesso="FALSE"/><ROW IDUserType="16" IDSysFunction="8" Acesso="FALSE"/><ROW IDUserType="16" IDSysFunction="9" Acesso="FALSE"/><ROW IDUserType="16" IDSysFunction="10" Acesso="FALSE"/><ROW IDUserType="16" IDSysFunction="11" Acesso="TRUE"/><ROW IDUserType="16" IDSysFunction="12" Acesso="FALSE"/><ROW IDUserType="16" IDSysFunction="13" Acesso="FALSE"/><ROW IDUserType="16" IDSysFunction="14" Acesso="FALSE"/><ROW IDUserType="16" IDSysFunction="15" Acesso="FALSE"/><ROW IDUserType="16" IDSysFunction="16" Acesso="FALSE"/><ROW IDUserType="16" IDSysFunction="17" Acesso="FALSE"/><ROW IDUserType="16" IDSysFunction="18" Acesso="FALSE"/><ROW IDUserType="16" IDSysFunction="19" Acesso="FALSE"/><ROW IDUserType="16" IDSysFunction="20" Acesso="FALSE"/><ROW IDUserType="16" IDSysFunction="21" Acesso="FALSE"/><ROW IDUserType="16" IDSysFunction="22" Acesso="FALSE"/><ROW IDUserType="16" IDSysFunction="23" Acesso="FALSE"/><ROW IDUserType="16" IDSysFunction="24" Acesso="FALSE"/><ROW IDUserType="16" IDSysFunction="25" Acesso="FALSE"/><ROW IDUserType="16" IDSysFunction="26" Acesso="FALSE"/><ROW IDUserType="16" IDSysFunction="29" Acesso="FALSE"/><ROW IDUserType="16" IDSysFunction="30" Acesso="FALSE"/><ROW IDUserType="16" IDSysFunction="31" Acesso="FALSE"/><ROW IDUserType="16" IDSysFunction="32" Acesso="FALSE"/><ROW IDUserType="16" IDSysFunction="33" Acesso="FALSE"/><ROW IDUserType="16" IDSysFunction="34" Acesso="FALSE"/><ROW IDUserType="16" IDSysFunction="36" Acesso="FALSE"/><ROW IDUserType="16" IDSysFunction="39" Acesso="FALSE"/><ROW IDUserType="16" IDSysFunction="40" Acesso="FALSE"/><ROW IDUserType="16" IDSysFunction="41" Acesso="FALSE"/><ROW IDUserType="16" IDSysFunction="42" Acesso="FALSE"/><ROW IDUserType="16" IDSysFunction="43" Acesso="FALSE"/><ROW IDUserType="16" IDSysFunction="44" Acesso="FALSE"/><ROW IDUserType="16" IDSysFunction="45" Acesso="FALSE"/><ROW IDUserType="16" IDSysFunction="46" Acesso="FALSE"/><ROW IDUserType="16" IDSysFunction="47" Acesso="FALSE"/><ROW IDUserType="16" IDSysFunction="48" Acesso="FALSE"/><ROW IDUserType="16" IDSysFunction="49" Acesso="FALSE"/><ROW IDUserType="16" IDSysFunction="50" Acesso="FALSE"/><ROW IDUserType="16" IDSysFunction="51" Acesso="FALSE"/><ROW IDUserType="16" IDSysFunction="52" Acesso="FALSE"/><ROW IDUserType="16" IDSysFunction="53" Acesso="FALSE"/><ROW IDUserType="16" IDSysFunction="54" Acesso="FALSE"/><ROW IDUserType="16" IDSysFunction="55" Acesso="FALSE"/><ROW IDUserType="16" IDSysFunction="56" Acesso="FALSE"/><ROW IDUserType="16" IDSysFunction="57" Acesso="FALSE"/><ROW IDUserType="16" IDSysFunction="58" Acesso="FALSE"/><ROW IDUserType="16" IDSysFunction="59" Acesso="FALSE"/><ROW IDUserType="16" IDSysFunction="60" Acesso="FALSE"/><ROW IDUserType="16" IDSysFunction="61" Acesso="FALSE"/><ROW IDUserType="16" IDSysFunction="62" Acesso="FALSE"/><ROW IDUserType="16" IDSysFunction="63" Acesso="FALSE"/><ROW IDUserType="16" IDSysFunction="64" Acesso="FALSE"/><ROW IDUserType="16" IDSysFunction="65" Acesso="FALSE"/><ROW IDUserType="16" IDSysFunction="66" Acesso="FALSE"/><ROW IDUserType="16" IDSysFunction="67" Acesso="FALSE"/><ROW IDUserType="16" IDSysFunction="68" Acesso="FALSE"/><ROW IDUserType="16" IDSysFunction="69" Acesso="FALSE"/><ROW IDUserType="16" IDSysFunction="70" Acesso="FALSE"/><ROW IDUserType="16" IDSysFunction="71" Acesso="TRUE"/><ROW IDUserType="16" IDSysFunction="72" Acesso="FALSE"/><ROW IDUserType="16" IDSysFunction="73" Acesso="FALSE"/><ROW IDUserType="16" IDSysFunction="74" Acesso="FALSE"/><ROW IDUserType="16" IDSysFunction="75" Acesso="TRUE"/><ROW IDUserType="16" IDSysFunction="76" Acesso="FALSE"/><ROW IDUserType="16" IDSysFunction="77" Acesso="FALSE"/><ROW IDUserType="16" IDSysFunction="78" Acesso="FALSE"/><ROW IDUserType="16" IDSysFunction="79" Acesso="FALSE"/><ROW IDUserType="16" IDSysFunction="80" Acesso="TRUE"/><ROW IDUserType="16" IDSysFunction="81" Acesso="TRUE"/><ROW IDUserType="16" IDSysFunction="82" Acesso="TRUE"/><ROW IDUserType="16" IDSysFunction="83" Acesso="FALSE"/><ROW IDUserType="16" IDSysFunction="84" Acesso="FALSE"/><ROW IDUserType="16" IDSysFunction="85" Acesso="FALSE"/><ROW IDUserType="16" IDSysFunction="86" Acesso="FALSE"/><ROW IDUserType="16" IDSysFunction="87" Acesso="FALSE"/><ROW IDUserType="16" IDSysFunction="88" Acesso="FALSE"/><ROW IDUserType="16" IDSysFunction="89" Acesso="FALSE"/><ROW IDUserType="16" IDSysFunction="90" Acesso="FALSE"/><ROW IDUserType="16" IDSysFunction="91" Acesso="FALSE"/><ROW IDUserType="17" IDSysFunction="1" Acesso="FALSE"/><ROW IDUserType="17" IDSysFunction="2" Acesso="FALSE"/><ROW IDUserType="17" IDSysFunction="3" Acesso="FALSE"/><ROW IDUserType="17" IDSysFunction="4" Acesso="FALSE"/><ROW IDUserType="17" IDSysFunction="5" Acesso="FALSE"/><ROW IDUserType="17" IDSysFunction="6" Acesso="FALSE"/><ROW IDUserType="17" IDSysFunction="7" Acesso="FALSE"/><ROW IDUserType="17" IDSysFunction="8" Acesso="FALSE"/><ROW IDUserType="17" IDSysFunction="9" Acesso="FALSE"/><ROW IDUserType="17" IDSysFunction="10" Acesso="FALSE"/><ROW IDUserType="17" IDSysFunction="11" Acesso="FALSE"/><ROW IDUserType="17" IDSysFunction="12" Acesso="FALSE"/><ROW IDUserType="17" IDSysFunction="13" Acesso="FALSE"/><ROW IDUserType="17" IDSysFunction="14" Acesso="FALSE"/><ROW IDUserType="17" IDSysFunction="15" Acesso="FALSE"/><ROW IDUserType="17" IDSysFunction="16" Acesso="FALSE"/><ROW IDUserType="17" IDSysFunction="17" Acesso="FALSE"/><ROW IDUserType="17" IDSysFunction="18" Acesso="FALSE"/><ROW IDUserType="17" IDSysFunction="19" Acesso="FALSE"/><ROW IDUserType="17" IDSysFunction="20" Acesso="FALSE"/><ROW IDUserType="17" IDSysFunction="21" Acesso="FALSE"/><ROW IDUserType="17" IDSysFunction="22" Acesso="FALSE"/><ROW IDUserType="17" IDSysFunction="23" Acesso="FALSE"/><ROW IDUserType="17" IDSysFunction="24" Acesso="FALSE"/><ROW IDUserType="17" IDSysFunction="25" Acesso="FALSE"/><ROW IDUserType="17" IDSysFunction="26" Acesso="FALSE"/><ROW IDUserType="17" IDSysFunction="29" Acesso="FALSE"/><ROW IDUserType="17" IDSysFunction="30" Acesso="FALSE"/><ROW IDUserType="17" IDSysFunction="31" Acesso="FALSE"/><ROW IDUserType="17" IDSysFunction="32" Acesso="FALSE"/><ROW IDUserType="17" IDSysFunction="33" Acesso="FALSE"/><ROW IDUserType="17" IDSysFunction="34" Acesso="FALSE"/><ROW IDUserType="17" IDSysFunction="36" Acesso="FALSE"/><ROW IDUserType="17" IDSysFunction="39" Acesso="FALSE"/><ROW IDUserType="17" IDSysFunction="40" Acesso="FALSE"/><ROW IDUserType="17" IDSysFunction="41" Acesso="FALSE"/><ROW IDUserType="17" IDSysFunction="42" Acesso="FALSE"/><ROW IDUserType="17" IDSysFunction="43" Acesso="FALSE"/><ROW IDUserType="17" IDSysFunction="44" Acesso="FALSE"/><ROW IDUserType="17" IDSysFunction="45" Acesso="FALSE"/><ROW IDUserType="17" IDSysFunction="46" Acesso="FALSE"/><ROW IDUserType="17" IDSysFunction="47" Acesso="FALSE"/><ROW IDUserType="17" IDSysFunction="48" Acesso="FALSE"/><ROW IDUserType="17" IDSysFunction="49" Acesso="FALSE"/><ROW IDUserType="17" IDSysFunction="50" Acesso="FALSE"/><ROW IDUserType="17" IDSysFunction="51" Acesso="FALSE"/><ROW IDUserType="17" IDSysFunction="52" Acesso="FALSE"/><ROW IDUserType="17" IDSysFunction="53" Acesso="FALSE"/><ROW IDUserType="17" IDSysFunction="54" Acesso="FALSE"/><ROW IDUserType="17" IDSysFunction="55" Acesso="FALSE"/><ROW IDUserType="17" IDSysFunction="56" Acesso="FALSE"/><ROW IDUserType="17" IDSysFunction="57" Acesso="FALSE"/><ROW IDUserType="17" IDSysFunction="58" Acesso="FALSE"/><ROW IDUserType="17" IDSysFunction="59" Acesso="FALSE"/><ROW IDUserType="17" IDSysFunction="60" Acesso="FALSE"/><ROW IDUserType="17" IDSysFunction="61" Acesso="FALSE"/><ROW IDUserType="17" IDSysFunction="62" Acesso="FALSE"/><ROW IDUserType="17" IDSysFunction="63" Acesso="FALSE"/><ROW IDUserType="17" IDSysFunction="64" Acesso="FALSE"/><ROW IDUserType="17" IDSysFunction="65" Acesso="FALSE"/><ROW IDUserType="17" IDSysFunction="66" Acesso="FALSE"/><ROW IDUserType="17" IDSysFunction="67" Acesso="FALSE"/><ROW IDUserType="17" IDSysFunction="68" Acesso="FALSE"/><ROW IDUserType="17" IDSysFunction="69" Acesso="FALSE"/><ROW IDUserType="17" IDSysFunction="70" Acesso="FALSE"/><ROW IDUserType="17" IDSysFunction="71" Acesso="TRUE"/><ROW IDUserType="17" IDSysFunction="72" Acesso="FALSE"/><ROW IDUserType="17" IDSysFunction="73" Acesso="FALSE"/><ROW IDUserType="17" IDSysFunction="74" Acesso="FALSE"/><ROW IDUserType="17" IDSysFunction="75" Acesso="TRUE"/><ROW IDUserType="17" IDSysFunction="76" Acesso="FALSE"/><ROW IDUserType="17" IDSysFunction="77" Acesso="FALSE"/><ROW IDUserType="17" IDSysFunction="78" Acesso="FALSE"/><ROW IDUserType="17" IDSysFunction="79" Acesso="FALSE"/><ROW IDUserType="17" IDSysFunction="80" Acesso="FALSE"/><ROW IDUserType="17" IDSysFunction="81" Acesso="FALSE"/><ROW IDUserType="17" IDSysFunction="82" Acesso="FALSE"/><ROW IDUserType="17" IDSysFunction="83" Acesso="FALSE"/><ROW IDUserType="17" IDSysFunction="84" Acesso="FALSE"/><ROW IDUserType="17" IDSysFunction="85" Acesso="FALSE"/><ROW IDUserType="17" IDSysFunction="86" Acesso="FALSE"/><ROW IDUserType="17" IDSysFunction="87" Acesso="FALSE"/><ROW IDUserType="17" IDSysFunction="88" Acesso="FALSE"/><ROW IDUserType="17" IDSysFunction="89" Acesso="FALSE"/><ROW IDUserType="17" IDSysFunction="90" Acesso="FALSE"/><ROW IDUserType="17" IDSysFunction="91" Acesso="FALSE"/><ROW IDUserType="18" IDSysFunction="1" Acesso="FALSE"/><ROW IDUserType="18" IDSysFunction="2" Acesso="FALSE"/><ROW IDUserType="18" IDSysFunction="3" Acesso="FALSE"/><ROW IDUserType="18" IDSysFunction="4" Acesso="FALSE"/><ROW IDUserType="18" IDSysFunction="5" Acesso="FALSE"/><ROW IDUserType="18" IDSysFunction="6" Acesso="FALSE"/><ROW IDUserType="18" IDSysFunction="7" Acesso="FALSE"/><ROW IDUserType="18" IDSysFunction="8" Acesso="FALSE"/><ROW IDUserType="18" IDSysFunction="9" Acesso="FALSE"/><ROW IDUserType="18" IDSysFunction="10" Acesso="FALSE"/><ROW IDUserType="18" IDSysFunction="11" Acesso="FALSE"/><ROW IDUserType="18" IDSysFunction="12" Acesso="FALSE"/><ROW IDUserType="18" IDSysFunction="13" Acesso="FALSE"/><ROW IDUserType="18" IDSysFunction="14" Acesso="FALSE"/><ROW IDUserType="18" IDSysFunction="15" Acesso="FALSE"/><ROW IDUserType="18" IDSysFunction="16" Acesso="FALSE"/><ROW IDUserType="18" IDSysFunction="17" Acesso="FALSE"/><ROW IDUserType="18" IDSysFunction="18" Acesso="FALSE"/><ROW IDUserType="18" IDSysFunction="19" Acesso="FALSE"/><ROW IDUserType="18" IDSysFunction="20" Acesso="FALSE"/><ROW IDUserType="18" IDSysFunction="21" Acesso="FALSE"/><ROW IDUserType="18" IDSysFunction="22" Acesso="FALSE"/><ROW IDUserType="18" IDSysFunction="23" Acesso="FALSE"/><ROW IDUserType="18" IDSysFunction="24" Acesso="FALSE"/><ROW IDUserType="18" IDSysFunction="25" Acesso="FALSE"/><ROW IDUserType="18" IDSysFunction="26" Acesso="FALSE"/><ROW IDUserType="18" IDSysFunction="29" Acesso="FALSE"/><ROW IDUserType="18" IDSysFunction="30" Acesso="FALSE"/><ROW IDUserType="18" IDSysFunction="31" Acesso="FALSE"/><ROW IDUserType="18" IDSysFunction="32" Acesso="FALSE"/><ROW IDUserType="18" IDSysFunction="33" Acesso="FALSE"/><ROW IDUserType="18" IDSysFunction="34" Acesso="FALSE"/><ROW IDUserType="18" IDSysFunction="36" Acesso="FALSE"/><ROW IDUserType="18" IDSysFunction="39" Acesso="FALSE"/><ROW IDUserType="18" IDSysFunction="40" Acesso="FALSE"/><ROW IDUserType="18" IDSysFunction="41" Acesso="FALSE"/><ROW IDUserType="18" IDSysFunction="42" Acesso="FALSE"/><ROW IDUserType="18" IDSysFunction="43" Acesso="FALSE"/><ROW IDUserType="18" IDSysFunction="44" Acesso="FALSE"/><ROW IDUserType="18" IDSysFunction="45" Acesso="FALSE"/><ROW IDUserType="18" IDSysFunction="46" Acesso="FALSE"/><ROW IDUserType="18" IDSysFunction="47" Acesso="FALSE"/><ROW IDUserType="18" IDSysFunction="48" Acesso="FALSE"/><ROW IDUserType="18" IDSysFunction="49" Acesso="FALSE"/><ROW IDUserType="18" IDSysFunction="50" Acesso="FALSE"/><ROW IDUserType="18" IDSysFunction="51" Acesso="FALSE"/><ROW IDUserType="18" IDSysFunction="52" Acesso="FALSE"/><ROW IDUserType="18" IDSysFunction="53" Acesso="FALSE"/><ROW IDUserType="18" IDSysFunction="54" Acesso="FALSE"/><ROW IDUserType="18" IDSysFunction="55" Acesso="FALSE"/><ROW IDUserType="18" IDSysFunction="56" Acesso="FALSE"/><ROW IDUserType="18" IDSysFunction="57" Acesso="FALSE"/><ROW IDUserType="18" IDSysFunction="58" Acesso="FALSE"/><ROW IDUserType="18" IDSysFunction="59" Acesso="FALSE"/><ROW IDUserType="18" IDSysFunction="60" Acesso="FALSE"/><ROW IDUserType="18" IDSysFunction="61" Acesso="FALSE"/><ROW IDUserType="18" IDSysFunction="62" Acesso="FALSE"/><ROW IDUserType="18" IDSysFunction="63" Acesso="FALSE"/><ROW IDUserType="18" IDSysFunction="64" Acesso="FALSE"/><ROW IDUserType="18" IDSysFunction="65" Acesso="FALSE"/><ROW IDUserType="18" IDSysFunction="66" Acesso="FALSE"/><ROW IDUserType="18" IDSysFunction="67" Acesso="FALSE"/><ROW IDUserType="18" IDSysFunction="68" Acesso="FALSE"/><ROW IDUserType="18" IDSysFunction="69" Acesso="FALSE"/><ROW IDUserType="18" IDSysFunction="70" Acesso="FALSE"/><ROW IDUserType="18" IDSysFunction="71" Acesso="FALSE"/><ROW IDUserType="18" IDSysFunction="72" Acesso="FALSE"/><ROW IDUserType="18" IDSysFunction="73" Acesso="FALSE"/><ROW IDUserType="18" IDSysFunction="74" Acesso="FALSE"/><ROW IDUserType="18" IDSysFunction="75" Acesso="FALSE"/><ROW IDUserType="18" IDSysFunction="76" Acesso="FALSE"/><ROW IDUserType="18" IDSysFunction="77" Acesso="FALSE"/><ROW IDUserType="18" IDSysFunction="78" Acesso="FALSE"/><ROW IDUserType="18" IDSysFunction="79" Acesso="FALSE"/><ROW IDUserType="18" IDSysFunction="80" Acesso="FALSE"/><ROW IDUserType="18" IDSysFunction="81" Acesso="FALSE"/><ROW IDUserType="18" IDSysFunction="82" Acesso="FALSE"/><ROW IDUserType="18" IDSysFunction="83" Acesso="FALSE"/><ROW IDUserType="18" IDSysFunction="84" Acesso="FALSE"/><ROW IDUserType="18" IDSysFunction="85" Acesso="FALSE"/><ROW IDUserType="18" IDSysFunction="86" Acesso="FALSE"/><ROW IDUserType="18" IDSysFunction="87" Acesso="FALSE"/><ROW IDUserType="18" IDSysFunction="88" Acesso="FALSE"/><ROW IDUserType="18" IDSysFunction="89" Acesso="FALSE"/><ROW IDUserType="18" IDSysFunction="90" Acesso="FALSE"/><ROW IDUserType="18" IDSysFunction="91" Acesso="FALSE"/></ROWDATA></DATAPACKET>